id;name;text;time;likes;reply;CleanedText
UCds1d9ZDLejQwDf9nM6UBzw;@makeki7756;Tldr<br>Energy related<br>Biology related<br>Those who make AI;2024-04-12T18:03:36Z;370;;Tldr Energy related Biology related Those who make AI
UC7-sewl_4Eb-kvjDbfZq4KQ;@PsyHappyness;Lawyers will survive forever, even Cases related to AI app and AI fraud is handled by them.;2024-04-12T17:38:00Z;198;;Lawyers will survive forever, even Cases related to AI app and AI fraud is handled by them.
UCJMD9EG7cYroG4_wLkVPYHg;@Deepakkumar-cn9vq;anchor she is reading the news jobs is also not safe ,AI anchors we can see everywhere;2024-04-12T18:00:56Z;124;;Anchor she is reading the news jobs is also not safe, AI anchors we can see everywhere
UCNH_csyh2ZEZqQ_Wv3bK6KQ;@Bhairavvvv;Women are immune to AI ,they can run their show even if robots replace them;2024-04-12T18:08:29Z;55;;Women are immune to AI, they can run their show even if robots replace them
UC20l7QfHuI5lTjGW4FqzHdA;@BhayankarYodha;Trade realted jibs will be high paying and demanding....like electrucians, plumbers, carpenter, pipefitter, welder, drywaller, brick masonary etc;2024-04-13T02:27:56Z;40;;Trade related jibs will be high paying and demanding....like electricians, plumbers, carpenter, pipe fitter, welder, drywaller, brick masonry etc
UC7OD5ldvfnQfspSQCuLon1Q;@shadabahmed;AI is just a tool it will help to accelerate each task. <br>Anyway nothing is gonna change  next 10-15 years. AI still need long way to travel.;2024-04-13T07:27:58Z;37;;AI is just a tool it will help to accelerate each task. Anyway nothing is going to change next 10 15 years. AI still need long way to travel.
UCyW5MKMeo5wuBPFkiL3cWBw;@cassiejacobs4197;Last year, I was working full time, budgeting groceries, unable to afford date nights, and missing time with my kids. Now I learned how to make money online. Now am a SAHM, homeschooling, and making profits every week.;2024-04-16T12:21:12Z;33;;Last year, I was working full-time, budgeting groceries, unable to afford date nights, and missing time with my kids. Now I learned how to make money online. Now am a SAM, homeschooling, and making profit is every week.
UCDYXxla07HLA92SNNwruGSg;@anandhindu3123;"AI can&#39;t replace jobs that involve human touch....... !!!";2024-04-13T05:24:52Z;29;;AI can't replace jobs that involve human touch....... !!!
UCFHmkNHsasPovKwDgVyUCMw;@jesseinfinite;That pokemon metaphor sucks.<br>Pokemon are neither rare, nor hard to catch.<br>Shiny pokemon on the other hand are rare.<br>Legendary pokemon are hard to catch.;2024-04-12T19:39:46Z;27;;That Pokémon metaphor sucks. Pokémon is neither rare, nor hard to catch. Shiny Pokémon on the other hand are rare. Legendary Pokémon are hard to catch.
UC5vXMZJl9P-QWluFbEDvJQw;@yogames6199;How about we get unviersal pay and dont have to work and we spend time playing games watching movies and enjoying life;2024-04-12T21:05:11Z;22;;How about we get universal pay and do not have to work, and we spend time playing games watching movies and enjoying life
UC3DQao8Q94gxF8uREuA8f8w;@Alexibawendi;"As a newbie that wants to invest, you must have these three things in mind<br>1. Have a long term mindset.<br>2. Be willing to take risk.<br>3. Be careful on money usage, if you&#39;re not spending to earn back, then stop spending.<br>4. Never claim to know - Ask questions and it&#39;s best you work with a financial advisor.";2024-04-13T04:42:51Z;21;;As a newbie that wants to invest, you must have these three things in mind 1. Have a long term mindset. 2. Be willing to take risk. 3. Be careful on money usage, if you're not spending to earn back, then stop spending. 4. Never claim to know Ask questions and it .best you work with a financial advisor.
UCsVoDnSEsmdxp5w75c7raiA;@Gavinleeyoutube;"I heard the first jobs in the medical field that will get replaced will be Pharmaceutical jobs, if you&#39;re going to school for that, good luck";2024-04-12T21:29:57Z;21;;I heard the first jobs in the medical field that will get replaced will be Pharmaceutical jobs, if you're going to school for that, good luck
UCYXIgVjKXx1H8V9zptaD4YA;@NormanLor;"I DON&#39;T THINK ANY POSITION INCLUDING CEOS AND ACTUAL COMPANY OWNERS IS IMMUNE FROM AI&#39;S BOOT!!";2024-04-12T19:05:41Z;17;;I DON'T THINK ANY POSITION INCLUDING CEOs AND ACTUAL COMPANY OWNERS IS IMMUNE FROM AI S BOOT!!
UC-jgbA3YxqkoIV8zXvT2XQw;@lemuelcatral6230;and embalmers..;2024-04-13T00:02:50Z;17;UCds1d9ZDLejQwDf9nM6UBzw;And embalmers.
UC-h3PP3gM8xcBvhQPkLjomQ;@jagjot-singh;AI jobs are not in demand, they are very few.;2024-04-12T18:15:23Z;16;;AI jobs are not in demand, they are very few.
UCyfHMJpCBZL4tnqOJJEcOEw;@swerve361;"It&#39;s impossible for AI to replace writers and artists. Nowadays, most people are nothing but soulless automatons who are slowly replacing their dependency on religion for capitalist pursuits... which is a pursuit only possible by an increase in prescription drugs, caffeine and other dangerous methods on the population. <br>The value of a creative perspective is extremely on high demand especially because most artists, writers and directors are garbage trapped in fulfilling the needs of investors who hate anything new and will censor anything that challenges the status quo. <br><br>Most individuals are desperate for a fresh pov from an actual human who took decades to master an actual freaking talent. Saying that AI can replace the main creative jobs is like sitting around a campfire and listening to a story by a robot instead of the experiences of your father, the limitations of your mentors etcc";2024-04-12T18:31:41Z;15;;It.impossible for AI to replace writers and artists. Nowadays, most people are nothing but soulless automatons who are slowly replacing their dependency on religion for capitalist pursuit is... which is a pursuit only possible by an increase in prescription drugs, caffeine and other dangerous methods on the population. The value of a creative perspective is extremely on high demand especially because most artists, writers and directors are garbage trapped in fulfilling the needs of investors who hate anything new and will censor anything that challenges the status quo. Most individuals are desperate for a fresh point of view from an actual human who took decades to master an actual freaking talent. Saying that AI can replace the main creative jobs is like sitting around a campfire and listening to a story by a robot instead of the experiences of your father, the limitations of your mentors etc
UCfOdObLyKXNaMWH5AcXDPAw;@math97003;what about farmers?;2024-04-13T11:42:28Z;11;;What about farmers?
UC7s34x_4oHKMNkKG349AUEA;@taniyadutta8;Become a construction labour, house painter, cook, plumber etc etc... never getting replaced;2024-04-13T06:39:50Z;11;;Become a construction labor, house painter, cook, plumber etc... never getting replaced
UCbk5J3dFU8H_DnwO0Q6kocg;@hcm9999;"Three Jobs That Will Survive AI:<br>1. Multinational company CEO<br>2. Billionaire<br>3. Trillionaire";2024-04-23T12:56:36Z;10;;Three Jobs That Will Survive AI 1. Multinational company CEO 2. Billionaire 3. Trillionaire
UCBcBADUYWBZlx5hUn2ItbgQ;@lakshmitejas1685;Who tests AI?;2024-04-13T01:44:50Z;10;UCds1d9ZDLejQwDf9nM6UBzw;Who tests AI?
UCsTzJ1tDA88xdDIfRdjDbvA;@Dr.freedom;"AI can&#39;t replace Bureaucrats, Movie Artists, Politicians , Doctors, Nurses, Dentists, Pathologists ,Civil and Engineers on the field, Labour intensive jobs, the list can go on. But a lot will be highly influenced by AI and some will be removed by AI as well.";2024-04-15T11:04:41Z;8;;AI can't replace Bureaucrats, Movie Artists, Politicians, Doctors, Nurses, Dentists, Pathologists, Civil and Engineers on the field, Labor intensive jobs, the list can go on. But a lot will be highly influenced by AI and some will be removed by AI as well.
UCNmX2yg6nQbLGBvWYRGzn4w;@adwaitvedant3297;Next year you will see its impact !! An avalanche is coming;2024-04-12T18:08:29Z;8;UCs8-YzMwmeRJjzJB9tAdlkg;Next year you will see it is impact !! An avalanche is coming
UCtDeol_6qFq8KtxwklxmTsg;@s.a.muhammed6355;I have observed that AI designers being human have resulted in flaws in design that require correction. Technicians of various kinds will be required to fix these errors.;2024-04-13T23:33:36Z;7;;I have observed that AI designers being human have resulted in flaws in design that require correction. Technicians of various kinds will be required to fix these errors.
UCK_0ZwYQYmiKG45OC05lDpg;@Krishna-uu6gf;IT manager jobs are safe, else who would approve AI projects;2024-04-13T05:58:41Z;7;;IT manager jobs are safe, else who would approve AI projects
UCjXaCGEaVkaiMr5BZ90APmw;@ansumanansuman1010;What about job as a teacher;2024-04-13T03:57:19Z;7;;What about job as a teacher
UC2OiG6nq9mveW0yZZHfV27Q;@amirhirani4636;Palki proud of you bravo keep it up.;2024-04-12T20:14:30Z;7;;Park proud of you bravo keep it up.
UCNLsDS66jLmtNx1O4zSk5GA;@bharath2508;"Because robots are already naked and people are used to it.<br><br>Robot don&#39;t show their body to earn money.";2024-04-12T20:21:59Z;7;UCNH_csyh2ZEZqQ_Wv3bK6KQ;Because robots are already naked and people are used to it. Robot don't show their body to earn money.
UCs8-YzMwmeRJjzJB9tAdlkg;@ramanjeet1111;INDIA  HAS NOT SEEN ANY IMPACT OF AI SO FAR;2024-04-12T17:55:26Z;7;;INDIA HAS NOT SEEN ANY IMPACT OF AI SO FAR
UCH4evZnZrRz6dbjF9shWC3g;@Gauravkumar-jm4ve;Mostly all field jobs are AI proof;2024-04-13T07:19:01Z;6;;Mostly all field jobs are AI proof
UCNqKPu2U5gQou6vAuddcjzw;@cheesengyeap524;Get a sugar daddy to pay for it;2024-04-13T01:03:19Z;6;UC5vXMZJl9P-QWluFbEDvJQw;Get a sugar daddy to pay for it
UC664CofxesCfqMMEKMCu7XQ;@SagarKumar-kg5jn;robots ka kaam insan kare lekin salary insan ko he mile;2024-04-12T18:40:20Z;6;;Robots ka Kama insane are Lenin salary insane KO the mile
UClR_YAT7dQm11R4fzkjaNGg;@hanfucolorful9656;We need more lawyers to handle the increasing cases of Indian scammers.;2024-04-12T18:17:15Z;6;UC7-sewl_4Eb-kvjDbfZq4KQ;We need more lawyers to handle the increasing cases of Indian scammers.
UCvgYCxezZwEQlMaRB7UwwuA;@santhoshkumar-it8qn;Yes i know, most of the jobs are replaced;2024-04-12T17:37:45Z;6;;Yes I know, most of the jobs are replaced
UCjlWpSGF5VQRtNQDaCtDDbw;@isabelleossey6762;Live entertainment will not be replaced - I will never consider watching Robots perform;2024-04-13T11:25:38Z;5;;Live entertainment will not be replaced I will never consider watching Robots perform
UCsAe8zUXGOk46gjZn27s2TQ;@NatalieDormer-or4jj;Everyone needs more than their salary to be financial stable. The best thing to do with your money is to invest it rightly, because money left for saving always end up used with no returns.;2024-04-16T12:22:26Z;4;UCyW5MKMeo5wuBPFkiL3cWBw;Everyone needs more than their salary to be financial stable. The best thing to do with your money is to invest it rightly, because money left for saving always end up used with no returns.
UC1HDAz7IDPDewQ8GBw5LBpQ;@ranjithrpj;Carpentry, building work;2024-04-19T02:24:22Z;4;UCDYXxla07HLA92SNNwruGSg;Carpentry, building work
UCDA-cBXm2dYAI7Zdi3jgohw;@VR-fh4im;"No technology job will be taken away by AI maybe except computer science programmers&#39; job.";2024-04-13T02:09:27Z;4;;No technology job will be taken away by AI maybe except computer science programmers job.
UC5s7XUaLE0OehwsEn4yjSYw;@victorcoleman3521;MY Software Engineering Job And Game Dev job is safe haha;2024-04-12T17:38:47Z;4;;MY Software Engineering Job And Game Dev job is safe haha
UCMeEgBgGv_3p73IvKgS1BhA;@TheLearner048;Who said?;2024-04-12T17:48:06Z;4;UC5s7XUaLE0OehwsEn4yjSYw;Who said?
UCWNUiHXdWIIWPKVTAQb4e9Q;@arigatoSev7en;"If you don&#39;t perform analytical thinking for creating softwares and games and your job is just to receive orders from your boss and write codes then sorry my friend, your job will be taken away.";2024-04-12T17:56:33Z;4;UC5s7XUaLE0OehwsEn4yjSYw;If you don't perform analytical thinking for creating pieces of software and games and your job is just to receive orders from your boss and write codes then sorry my friend, your job will be taken away.
UC4R5JqJre_o7PA2QQdGRBdA;@zuperzciencez6990;innovators should revolutionize the next evolution of human which is called super human that supercede Ai;2024-04-17T01:29:00Z;3;;Innovators should revolutionize the next evolution of human which is called super human that supersede Ai
UCbIB19P_JOGtPYuVuszVD0w;@ningyen1444;Who is your financial coach, do you mind hooking me?;2024-04-16T12:22:57Z;3;UCyW5MKMeo5wuBPFkiL3cWBw;Who is your financial coach, do you mind hooking me?
UCQ4eC77hOZx2Pvqk0Dc62FQ;@sahiilpatil;"Thank the lord I&#39;m a doctor";2024-04-15T09:44:32Z;3;;Thank the lord I'm a doctor
UCgg5pYkeEQ_Ox103frx8KiQ;@tathagata_roy;Then what will humanoid robots do?;2024-04-14T13:22:41Z;3;UC20l7QfHuI5lTjGW4FqzHdA;Then what will humanoid robots do?
UC08ccSoYyHaPHJ71Se8ktLQ;@nishanttomar7826;maybe jobs wil not be needed to live;2024-04-13T01:43:58Z;3;;Maybe jobs will not be needed to live
UCx9huFD0UqN5A4OdrOP-zdA;@Hindusthan1947-pw4rm;So, Military in danger too..?;2024-04-12T23:44:04Z;3;;So, Military in danger too.?
UCPyK4BbrKCrtdab0KEc6XwA;@sanatanihindu383;we need some regulations on ai because ai will eventually reduce numbers of job , ai will reduce IT JOBS;2024-04-12T19:26:28Z;3;;We need some regulations on artificial intelligence because artificial intelligence will eventually reduce numbers of job, artificial intelligence will reduce IT JOBS
UCtoboJidHXynAJfWh89VbqA;@TheJohnnyJohnny;street sweeper, gardener, baby sitter, nurse. Are these jobs going to be replace by AI?;2024-04-12T18:45:21Z;3;;Street sweeper, gardener, babysitter, nurse. Are these jobs going to be replaced by AI?
UC25KaJF0EwP7q-1ZDfaa3wQ;@jackmiller9926;"We can just introduce universal basic income and live a free, creative life but the elites don&#39;t want to give people time to think about who rules them.";2024-04-30T17:59:31Z;2;;We can just introduce universal basic income and live a free, creative life but the elites don't want to give people time to think about who rules them.
UCOVLmCSzVbT-SA0rkf-_pDw;@mr369walters7;Teacher can be replace. In US, some schools close, and teachers were let go and the kids go online using AI software. The excuse was low budget and that they want to rebuild the school for migrant housing.;2024-04-25T02:51:53Z;2;UCxIybtjf9q_8C89_-yCejDA;Teacher can be replaced. In US, some schools close, and teachers were let go and the kids go online using AI software. The excuse was low budget and that they want to rebuild the school for migrant housing.
UCjpOtYhW9t3HIoCKPcK20AQ;@kingbush9328;Am looking for something to venture into on a short term basis, I really need to create an alternate source of income, what do you think I should be buying?;2024-04-16T12:25:06Z;2;UCyW5MKMeo5wuBPFkiL3cWBw;Am I looking for something to venture into on a short term basis, I really need to create an alternate source of income, what do you think I should be buying?
UCGNtFxZ413ZweJvJfkRDR8w;@sbnerji12555;What about aerospace industry or space technology?;2024-04-15T07:34:01Z;2;;What about aerospace industry or space technology?
UCzOfEEX8Px97cCu0xAjWYvQ;@abhiram.13;Bureaucracy too.;2024-04-15T05:28:05Z;2;;Bureaucracy too.
UCK7auuFlot9cPi1qn3gu2_g;@jrs2002;"No. With every new model development, every new possibility of AI use, with development of more ways of AI penetration, more broad and comprehensive regulation framework would be needed, to prevent a future catastrophe of Computer AI superiority over humans. Even if AI will be developed to do lawyer&#39;s work, a human framework will be required to regulate even the AI lawyers. At the end humans can never let /afford AI to be at the top of the food chain replacing them. Hence humans cannot completely give legal responsibility to AI. There would always be the requirement of human regulators and human lawyers. But yes, human management of law would be very niche then. Certain category like AI Law, ML Law, Cybersecurity law, cloning, etc science and tech related law would require human management and human lawyers/legal professionals/advisors. The conventional law today like criminal, civil, corporate, etc would be taken over by AI.";2024-04-13T10:34:48Z;2;;No. With every new model development, every new possibility of AI use, with development of more ways of AI penetration, more broad and comprehensive regulation framework would be needed, to prevent a future catastrophe of Computer AI superiority over humans. Even if AI will be developed to do lawyer .work, a human framework will be required to regulate even the AI lawyers. At the end humans can never let afford AI to be at the top of the food chain replacing them. Hence, humans can not completely give legal responsibility to AI. There would always be the requirement of human regulators and human lawyers. But yes, human management of law would be very niche then. Certain category like AI Law, ML Law, Cybersecurity law, cloning, etc. science and tech related law would require human management and human lawyers legal professionals advisors. The conventional law today like criminal, civil, corporate, etc. would be taken over by AI.
UC2-SSPKYcBY7R2rnVmtbYHQ;@kapilpoudel8452;"Biology will gonna win because human con&#39;t trust fully on machine on future !";2024-04-13T05:35:53Z;2;;Biology will go to win because human con t trust fully on machine on future !
UCs36Yl1jzSTr1dbB1d5okUQ;@splitfire2001;My mostly uninformed guess is commercial and industrial trade jobs will be gone by 2050.  Residential will take longer.;2024-04-26T14:00:00Z;2;UC20l7QfHuI5lTjGW4FqzHdA;My mostly uninformed guess is commercial and industrial trade jobs will be gone by 2050. Residential will take longer.
UCbQiMfHqmETinePlS7hQwcQ;@ThomasTomiczek;"Well, the statement of gates does not say 2 jobs- but 3 job categories. And - he is wrong. He does not project AI into AGI and ASI which we likely have in a decade. There is no reason energy related jobs can not be done by a robot - we are well known in how to isolate a machine. Buiiology? What? Wiping shit of people&#39;s asses? Solved. Research? ALSO already done by AI. Those who make AI - are a smaller and samller field once AGI comes. Definition of AGI.";2024-04-12T20:58:05Z;2;;Well, the statement of gates does not say 2 jobs but 3 job categories. And he is wrong. He does not project AI into AGI and ASI which we likely have in a decade. There is no reason energy related jobs can not be done by a robot we are well known in how to isolate a machine. Biology? What? Wiping shit of people.asses? Solved. Research? ALSO, already done by AI. Those who make AI are a smaller and smaller field once AGI comes. Definition of AGI.
UCbkU0tT3Ct9gjtOR700jKkA;@keyair123;He forgot healthcare;2024-04-12T19:50:36Z;2;;He forgot healthcare
UCV_tvG_-lA0OYiSskmXK7Kg;@uditmalhotra86;Yes. Robots mobility is reaching human level sooner than later. Probably not baby sitter but other ones can be taken over.;2024-04-12T22:23:57Z;2;UCtoboJidHXynAJfWh89VbqA;Yes. Robots mobility is reaching human level sooner than later. Probably not babysitter but other ones can be taken over.
UCW-wRaryhzHUKx0xW6WQeJA;@Mysterious_pomo;"AI is already replacing creative jobs. There are AI&#39;s that can write your essay/letters/novels in a fraction of a minute. There are AI&#39;s that can generate images and Videos in less than a minute. There are AI&#39;s that can even create your custom songs. AI is getting ahead in every field.";2024-04-13T02:11:59Z;2;UCyfHMJpCBZL4tnqOJJEcOEw;AI is already replacing creative jobs. There are AIs .that can write your essay letters novels in a fraction of a minute. There are AI .that can generate images and Videos in less than a minute. There are AI .that can even create your custom songs. AI is getting ahead in every field.
UCuTVn4MNhCqP7oBdxlj9nPw;@Soso87652;Yes we need to understand... We humans are the god creation and he made us superior of all interms of intelligence... And Ai is not something eternal it has limited work it has limited life it has  limited  specialities.. It can perform that work it was programmed for..... Even if They replace local level jobs with ai its not gonna last long... So stop worrying unnecessarily about things and work.... On yourself be happy ... Every useless msg should not make you worry........ It gives anxiety i know.. But its point less ryt now to worry about such things....... God bless you Trust God.........;2024-04-22T13:15:28Z;1;;Yes we need to understand... We humans are the god creation, and he made us superior of all interns of intelligence... And Ai is not something eternal it has limited work it has limited life it has limited specialities. It can perform that work it was programmed for..... Even if They replace local level jobs with artificial intelligence it is not going to last long... So stop worrying unnecessarily about things and work.... On yourself be happy ... Every useless message should not make you worry........ It gives anxiety I know. But it is point less rat now to worry about such things....... God bless you Trust God.........
UCUEOx8GYOsWi5HOdA-c8F9A;@ReeChad.;2 real jobs safe from ai<br>-thief and scammer<br>-Politician<br>-;2024-04-19T00:26:36Z;1;;2 real jobs safe from artificial intelligence thief and scammer Politician
UCLMbZCAPsD5j6IePxuOSsPg;@ninja2299;Hackers are AI proof;2024-04-18T14:59:37Z;1;;Hackers are AI proof
UCSZklGHGI4rMduqj6SdK9Xg;@ombotimbe;"You&#39;d better listen to Bill. Remember COVID? Everything he says turns out right.";2024-04-14T23:06:55Z;1;;You'd better listen to Bill. Remember COVID? Everything he says turns out right.
UCESePYWNLZghGe3TlilnFXQ;@subhodeepmondal7937;1. AI engineering<br>2. AI karnel dev.<br>3. Optimisation engineer.<br>Cause they are literally the backbone of AI.;2024-04-14T11:46:20Z;1;;1. AI engineering 2. AI kernel dev. 3. Optimization engineer. Because they are literally the backbone of AI.
UC6IkfsyquLuxGXrx9qALs_w;@sabprogroup8623;the wedding photographers are laughing in the background.;2024-04-14T04:42:08Z;1;;The wedding photographers are laughing in the background.
UCQ4IG92XVn3vxMyjnDmfxiQ;@ashutoshgupta9410;He forgot agriculture.;2024-04-13T19:30:02Z;1;;He forgot agriculture.
UC4gAdS5OwrO5qqB1GUveowA;@Girisarves;If there  is no job , econome will break like a glass house .;2024-04-13T16:52:24Z;1;;If there is no job, economy will break like a glass house.
UCzHaV63am5GOJnVm9Wl1fvQ;@anonymousan5063;There will be no impact on functioning of govt employees in India .As AI cannot remove corruption from govt offices  .;2024-04-13T11:49:51Z;1;;There will be no impact on functioning of govt employees in India. As AI can not remove corruption from govt offices.
UC9XXHuJQ1xumzgas78J1HGA;@wisdomandlove1661;there will be development of life like android looking beings that can replace cops and actors/actresses in the near future;2024-04-21T23:49:17Z;1;UCjlWpSGF5VQRtNQDaCtDDbw;There will be development of life like android looking beings that can replace cops and actors actresses in the near future
UConXYX98-O9wDMeELbMGyMw;@G73Server;You are making the bols assumption that the progress isnt exponential, which it is quite obviously;2024-04-22T08:54:45Z;1;UC7OD5ldvfnQfspSQCuLon1Q;You are making the boys assumption that the progress Is not exponential, which it is quite obviously
UCFTKg5oTq7HjBflUy144sOw;@krishnarawat6475;"Yeah, it&#39;s scary coz just few months we could do text to image and now AI can do text to video generation, and that too of good level. Ofcourse its not flawless, but with time, it will.<br>Devin might not be a thing to worry now, but just seeing the potential of AI threatens . What it can do in next 5 years<br>Definitely govt should take some measures, as if hypothetically if one can do 3 people job due to AI, then the rest unemployed population will not have money to spend, thus leading to unstable economy";2024-04-13T06:34:13Z;1;;Yeah, it.scary because just few months we could do text to image and now AI can do text to video generation, and that too of good level. Of course it is not flawless, but with time, it will. Devin might not be a thing to worry now, but just seeing the potential of AI threatens. What it can do in next 5 years Definitely govt should take some measures, as if hypothetically is one can do 3 people job due to AI, then the rest unemployed population will not have money to spend, thus leading to unstable economy
UCQcuHoVFHqHMt_PtLEZwPtg;@EvansScott-oq4fx;"As a beginner investor, it&#39;s essential for you to have a mentor to keep you accountable.<br>Myself, I&#39;m guided by Charlotte Goldyn . A widely known crypto consultant";2024-04-13T04:47:58Z;1;UC3DQao8Q94gxF8uREuA8f8w;As a beginner investor, it.essential for you to have a mentor to keep you accountable. Myself, I'm guided by Charlotte Golden. A widely known crypto consultant
UCspef8JKDF9JkZoNPvMX_-w;@GarryBenson1;"For real, people underestimate how much they can rake in from the stock market. I started with 127k just before the pandemic hit. Many people&#39;s portfolios tanked, but I rode through with my financial advisor, and even made more than 206k within just three months of starting, and it&#39;s been an awesome ride since then.";2024-04-13T04:50:57Z;1;UC3DQao8Q94gxF8uREuA8f8w;For real, people underestimate how much they can rake in from the stock market. I started with 127k just before the pandemic hit. Many people.portfolios tanked, but I rode through with my financial advisor, and even made more than 206k within just three months of starting, and it .been an awesome ride since then.
UCfc4dzXw8gfFit5PHrEf-7w;@KaterinaEvan159;"I&#39;m new to cryptocurrency and I don&#39;t understand how it really works.Can someone guide me on the right approach to investing and making profit from cryptocurrency investment?";2024-04-13T04:57:43Z;1;UC3DQao8Q94gxF8uREuA8f8w;I'm new to cryptocurrency and I don't understand how it really works. Can someone guide me on the right approach to investing and making profit from cryptocurrency investment?
UCx6K6xrr_BDD2BmUl74QHWw;@AjayG-folio;Rock solid safe.;2024-04-14T11:45:27Z;1;UCjXaCGEaVkaiMr5BZ90APmw;Rock solid safe.
UCrdQW-_KcoVvIWDIW_uWwaw;@manojy2506;I think ruling and administrative jobs also not gonna affected.. Will the people accept being ruled by AI..;2024-04-13T01:53:18Z;1;;I think ruling and administrative jobs also not going to be affected. Will the people accept being ruled by AI.
UCLWT6s7D9POtdmUR9XMyCAw;@zealousprogrammer4539;Boston Dynamic already have robot fighting;2024-04-13T00:10:24Z;1;UCx9huFD0UqN5A4OdrOP-zdA;Boston Dynamic already have robot fighting
UCnw6Cz4Pp0LroLt83h1U0CQ;@striker44;Yes, will be impacted. Most wars will be cyber wars in the future, and traditional military jobs will evolve.;2024-04-13T01:29:37Z;1;UCx9huFD0UqN5A4OdrOP-zdA;Yes, will be impacted. Most wars will be cyberwars in the future, and traditional military jobs will evolve.
UC4nyr6DtjRcmgROAnttAHDg;@Swarogisreal;Very possible, but rich guys wont allow it. Greed makes wonders...;2024-04-17T19:45:04Z;1;UC5vXMZJl9P-QWluFbEDvJQw;Very possible, but rich guys will no tallow it. Greed makes wonders...
UCOA7hadx7Uue9m30qtfjmbQ;@vishrutmangoli777;"you forgot to mention about the perplexity and google&#39;s headbutting for an employee";2024-04-12T21:03:23Z;1;;You forgot to mention the perplexity and google.headbutting for an employee
UC7z--L6z8yCqt3Cfl0-lyrA;@learneverything5946;What about software engineers;2024-04-12T20:45:47Z;1;;What about software engineers
UCCjW4g93r7r7X_PMsjWO_xg;@rudrakale1262;As a data scientist ai jobs are last jobs will be replaced by ai;2024-04-14T05:27:04Z;1;UC-h3PP3gM8xcBvhQPkLjomQ;As a data scientist artificial intelligence jobs are last jobs will be replaced by artificial intelligence
UCbkweqHJYz9kvvCh1FkEewg;@D.2601;Thanks;2024-04-13T07:20:17Z;1;UCds1d9ZDLejQwDf9nM6UBzw;Thanks
UCW3tPZByUKJGahX5ozlgohA;@AlbertBormant;"Bill Gates assures us that &quot;Child sex procurer&quot; will remain a vital industry!";2024-04-12T17:38:03Z;1;;Bill Gates assures us that Child sex procurer will remain a vital industry!
UCtcjvQHw3gQXpAwk_Gl8fvA;@bog6106;Your videos are enlightening;2024-05-01T06:04:05Z;0;;Your videos are enlightening
UCoVFdB1tm3cczucC7RdY_BA;@tomcashin7548;MAYBE YOU SHOULD BE USING AI TO ENHANCE YOUR JOB;2024-04-30T18:04:15Z;0;;MAYBE YOU SHOULD BE USING AI TO ENHANCE YOUR JOB
UCeP06koKuGc0qYpJGYOXlCA;@untouchable360x;4. Human traffickers like Epstein.;2024-04-30T16:46:43Z;0;;4. Human traffickers like Epstein.
UCfQPTqTERJftrvmhEjl_gZA;@chrisbenn;Thats just wrong!;2024-04-30T07:00:17Z;0;;That is just wrong!
UCIXOY2d2_Intmubd1UTB8_g;@cavecodes853;The occupation of being a billionaire will survive AI;2024-04-30T05:15:49Z;0;;The occupation of being a billionaire will survive AI
UCsucEkYvii0KUqnYbQLH6MA;@jakobbourne6381;"Why is <b>Phlanx&#39;s Caption Generator</b> an effective method for business? It simplifies the content creation process, allowing businesses to maintain a consistent online presence without investing excessive time or resources.";2024-04-30T05:04:01Z;0;;Why is Phalanx. Caption Generator an effective method for business? It simplifies the content creation process, allowing businesses to maintain a consistent online presence without investing excessive time or resources.
UCxvpMBV0L1Bgd1xeqp_6p-Q;@williamacuff7707;"AI can&#39;t stop the preaching of Jesus Christ, maybe on the internet, but hearts and minds with truth from God, Jesus, nothing can stop! Jesus wisdom! Even if implanted in humans blocking devices, the soul is spirit, needs not physical conscious to receive from God, Jesus, can operate without physical ability! Even God, Jesus, can stop AI, when we get in trouble with AI, theirs hope; the master of the elements is still in control.";2024-04-29T16:39:07Z;0;;AI can't stop the preaching of Jesus Christ, maybe on the internet, but hearts and minds with truth from God, Jesus, nothing can stop! Jesus wisdom! Even if implanted in humans blocking devices, the soul is spirit, needs not physical conscious to receive from God, Jesus, can operate without physical ability! Even God, Jesus, can stop AI, when we get in trouble with AI, theirs hope the master of the elements is still in control.
UC4D4S_Fz9tLmdC4NFGhw9Dg;@sirdark1381;Biology. Ai be coming.;2024-04-29T12:02:15Z;0;;Biology. Ai be coming.
UCcbyFnwwAJtmeN7OrIFLqHg;@amigodacasa3325;"there is no such thing as artificial intelligence<br><b>machines cannot think</b><br>there is <b>intelligent design</b><br>hopefully with an intelligent designer<br>all these high-paid &quot;ai&quot; engineers<br>should be forced to sign liability contracts<br>holding them individually and personally responsible<br>for <b>every single thing</b> their machines do<br>every car crash<br>every teen suicide<br>every ship that rams into a bridge<br>but they cleverly call it &quot;artificial intelligence&quot;<br>i didn&#39;t ban you, it was the <b>algorithm</b> that did it<br>says mark zuckerberg<br>all hail, all worship the mighty algorithm<br>only the algorithm knows all, deserves all power<br>this is actually a severe mental illness";2024-04-29T08:13:53Z;0;;There is no such thing as artificial intelligence machines can not think there is intelligent design hopefully with an intelligent designer all these high paid artificial intelligence engineers should be forced to sign liability contracts holding them individually and personally responsible for every single thing their machines do every car crash every teen suicide every ship that rams into a bridge, but they cleverly call it artificial intelligence i didn't ban you, it was the algorithm that did it says Mark Zuckerberg all hail, all worship the mighty algorithm only the algorithm knows all, deserves all power this is actually a severe mental illness
UCHrrpadu_6BTYCLtLwa25jw;@tiaanbasson9092;"Every field I&#39;m trained in has already been replaced by A.I. And I&#39;m okay with that. I run the A.I locally and fine tune it for my workloads, let it do the job, while I take a stroll on the beach and smoke a blunt. It cut my screen time in front of a computer from 13 hours to 5.";2024-04-29T07:26:17Z;0;;Every field I'm trained in has already been replaced by A.I. And I'm okay with that. I run the A.I. locally and fine tune it for my workloads, let it do the job, while I take a stroll on the beach and smoke a blunt. It cut my screen time in front of a computer from 13 hours to 5.
UC_UBdXa046n27WyYoFWsUcw;@gretchennicoleneal8731;"They already have machines to perform CPR and robotic surgery, etc.  It&#39;s only a matter of time before they figure out the remainder.";2024-04-29T07:15:51Z;0;;They already have machines to perform CPR and robotic surgery, etc. It .only a matter of time before they figure out the remainder.
UCbxwrL2lO-9WX_gSkUGgHYw;@Tig-Tube;Any job is replaceable;2024-04-29T06:11:55Z;0;;Any job is replaceable
UCBltwv2of0XvU2icQ3qL4FQ;@Knightcraft42;Until the same people working to develop AI get fired or laidoff when they arent needed anymore lmao lol;2024-04-28T21:53:37Z;0;;Until the people working to develop AI get fired or laid off when they are not needed anymore laugh my ass off laugh out loud
UCJw5hJO_onR8pVZOIhBYZAw;@dugproductions2556;"Personally, I would love to tell you The Truth from The Holy Bible about what is going on. However, I politely encourage you to read it for yourselves. By The Way, check out Truthunedited and Stephan Darby&#39;s sermons to get a deeper understanding for The Life. May YAH bless you, your families, and HALLELUYAH!";2024-04-27T13:30:48Z;0;;Personally, I would love to tell you The Truth from The Holy Bible about what is going on. However, I politely encourage you to read it for yourselves. By The Way, check out Truth unedited and Stephan Darby.sermons to get a deeper understanding for The Life. May YEAH bless you, your families, and HALLELUJAH!
UCIaL4DVAOWnY89Q_RDo5nHA;@princemilumbe7273;Agricultire is safe.<br>These ai cant farm;2024-04-27T05:50:41Z;0;;Agriculture is safe. This artificial intelligence can not farm
UC7gixyS0f-sO9kmgsSytwPA;@atekle1382;licenced professionals will not be replaced by AI.;2024-04-26T21:12:00Z;0;;Licenced professionals will not be replaced by AI.
UCDo9YpezV_LyEWqgQAMBk2Q;@adamspice9076;you can have my job go work and pay my bills AI;2024-04-26T10:56:01Z;0;;You can have my job go work and pay my bills AI
UCLH4dnzqZ8btojc2ejyFTGA;@truth-12345.;"So, we&#39;re f@#$&amp;d?";2024-04-26T05:25:13Z;0;;So, we re f d?
UC7ivaeDGrAtjhi2a8lgNNNg;@user-tv1iw3ji3e;"If robots don&#39;t spend money,,then ummm,,fill in the blank....";2024-04-26T00:51:10Z;0;;If robots don't spend money,then MMM,fill in the blank....
UCy5tqqCLaRcFiXpkTWDDryQ;@ebinrock;So, the jobs that will survive are the ones only the top 000.1% will be smart enough to do.  The rest of us starve.  Got it.;2024-04-25T22:43:39Z;0;;So, the jobs that will survive are the ones only the top 000.1 will be smart enough to do. The rest of us starve. Got it.
UCGYKdIYkfAnJ6__IigkJgLg;@joad8537;i can see ai taking every other jobs except the trades: framing, welding, fishing, plumbing, construction work are here to stay until they build both robots and ai together to perfection.;2024-04-25T21:09:50Z;0;;I can see artificial intelligence taking every other jobs except the trades framing, welding, fishing, plumbing, construction work are here to stay until they build both robots and artificial intelligence together to perfection.
UCnabpQtTmkrfzKekLwoOMjA;@IronMan-px9md;Yes pay them big salaries now but when they create AI that can do their jobs... they are creating their own replacements.;2024-04-25T11:16:27Z;0;;Yes pay them big salaries now but when they create AI that can do their jobs... they are creating their own replacements.
UCLQLQE8tjHRPcEYcybphgTQ;@AhmadRaza-ew8nw;What about petroleum engineers;2024-04-25T04:05:48Z;0;;What about petroleum engineers
UCvzaVoS9f3LJLzUE_p8xJ_g;@jdrum4371;Lets see AI change a flat tire. Or a light bulb for that matter a billion dollars in tech cant do what a 10 dollar per hour human can. This is a joke;2024-04-24T18:26:04Z;0;;Let us see AI change a flat tire. Or a light bulb for that matter a billion dollars in tech can not do what a 10 dollar per hour human can. This is a joke
UCIDTRDmtFBsFz6HKaZxZyCw;@Soberfuzz;Engineer, doctor, lawyer. What else is new?;2024-04-24T17:22:30Z;0;;Engineer, doctor, lawyer. What else is new?
UCLpGIMMiO3h2K6BSSxP2p3A;@Molybed1;AI is a scam. AI means All Indians.;2024-04-23T21:07:28Z;0;;AI is a scam. AI means All Indians.
UCSObsVvailoFU6qK9U3BauA;@MarisBuzzy;"Electricians, HVAC and plumbing can&#39;t be taken";2024-04-23T20:49:32Z;0;;Electricians, HVAC and plumbing can't be taken
UCBCDycUG1KyDMjjIZRzK8Gw;@andreaslee6279;The elite play us like a toy..;2024-04-23T05:08:10Z;0;;The elite play us like a toy.
UCOI15sM5C36bk-6iEkkZ87Q;@manvendrapratapsingh1920;Adding to the hype bubble, huh?;2024-04-23T03:21:49Z;0;;Adding to the hype bubble, huh?
UCdJ9FqyKMyR-p4biRaALJxw;@hassaan4796;AI is nothing, what it is, is all about Deep Learning, algorithms and Data Science as a broad Field!!;2024-04-22T18:42:37Z;0;;AI is nothing, what it is, is all about Deep Learning, algorithms and Data Science as a broad Field!!
UCQQlqnIkdWjTTXsMqABjqxw;@himanimishra8696;Nurse job also;2024-04-22T08:12:48Z;0;;Nurse job also
UCCuMfEVHIE0Yf2G9Yq9pEaQ;@riddhiagarwal4395;The shittiest invention..which can lead to end of human race;2024-04-21T06:37:20Z;0;;The shittiest invention.which can lead to end of human race
UCfkMzoCpfwCMb6jkpWKJ7rA;@ginolorenzo9851;3 ?  much more than that;2024-04-21T04:06:38Z;0;;3 ? Much more than that
UC6TzHhibQJKiUnQJUzDsEmw;@bharaths1772;"Palki... Please don&#39;t devalue your image by bringing up that man&#39;s name";2024-04-21T01:17:32Z;0;;Park... Please don't devalue your image by bringing up that man .name
UCVNIu7aRkSIuKFSZakLpUcw;@almiraw.4905;Yes, those 3 jobs are CEO, politician, and trust fund baby.;2024-04-20T21:25:42Z;0;;Yes, those 3 jobs are CEO, politician, and trust fund baby.
UCQoQzVOFETBgq1xIs2dAs0g;@BLUESFRM17;Thanks;2024-04-20T18:01:54Z;0;;Thanks
UC-nsDqM-gVFkZ7kXSR4HKvw;@allhaillelouchvibritannia7494;AI exist even before 2022 but the problem is the hype that we get from this shit and people getting anxious about it;2024-04-20T13:04:17Z;0;;AI exist even before 2022, but the problem is the hype that we get from this shit and people getting anxious about it
UCBBo5o_7h-Tx2Qvb2PS75WA;@yueliew95;Once AI replaces most jobs, the privilege of having a family is gone. Where and how to earn money to have a family?;2024-04-20T12:13:29Z;0;;Once AI replaces most jobs, the privilege of having a family is gone. Where and how to earn money to have a family?
UCbT_g7EL445EPTkUVo2g6MQ;@ThomasMullaly-do9lz;"Coding won&#39;t survive..";2024-04-19T22:03:01Z;0;;Coding won't survive.
UCzh3DH6z3XGnrEprL2SGNng;@zisun7483;AI is created long time ago in Ancient India <br>By the deity Durpala DurNa Durga Hanuman Rama Sinta;2024-04-19T10:37:20Z;0;;AI is created long time ago in Ancient India By the deity Drupal Gurney Drug Hangman Rama Santa
UCH00v65-EKtwkynxXvcn6Kg;@pettythiefstube4609;Best way to evade AI. Stay jobless;2024-04-18T23:43:35Z;0;;Best way to evade AI. Stay jobless
UC2Jpj7n59j1dwQtRp81MuKQ;@CoolDown-ml4wp;"why is the private big firms of india are paying pension upto 1 lac monthly in other countries for every worker and not in their own country even 10k rupee monthly?  modi government is changing all government firms into private, what is the benefit for people, what is the point of becoming an engineer in india? engineers in other &quot;politically divided countries &quot; are getting pension  working in private firm but not in india, why is that??? Kingdoms are tax free country. and they pay a good salary package. Because you have a KING, indian kings and their families are now working in burger KING meaning  there is NO casteism in india. why do you need soooo many parties in india, why cant there be just ONE LEFT and ONE RIGHT in every state/province?<br>parties of india in every state- SMK RMK LMK FUK GHT, RHY, SMH, LKH, DDD, UGH, LGH, DRF, HTT, DTG, BHY, and more , then comes BJP and congress, how will people know which party is supporting BJP and which one is with congress?<br>IN USA, you work for private or government, you get the same pension and benefits. but in india BIG private firms DONT pay pension. dont you think its a LOSS for people??? How on Earth your country will be developed?";2024-04-18T23:40:33Z;0;;Why is the private big firms of India are paying pension up to 1 lac monthly in other countries for every worker and not in their own country even 10k rupee monthly? Modi government is changing all government firms into private, what is the benefit for people, what is the point of becoming an engineer in India? Engineers in other politically divided countries are getting pension working in private firm but not in India, why is that??? Kingdoms are tax-free country. And they pay a good salary package. Because you have a KING, Indian kings and their families are now working in Burger King meaning there is NO casteism in India. Why do you need soon many parties in India, why can not there be just ONE LEFT and ONE RIGHT in every state province? Parties of India in every state SMK MK LMK UK GHT, WHY, SMH, LAKH, DDD, UGH, GH, DR, HIT, DTG, BHY, and more, then comes BJP and congress, how will people know which party is supporting BJP and which one is with congress? IN THE USA, you work for private or government, you get the pension and benefit is. but in India BIG private firms DON'T pay pension. Do not you think it is a LOSS for people??? How on Earth your country will be developed?
UCaRTYTFuCnfukqgjcJ-kjxA;@coloursoftherainbow8399;"Why would Bill Gates be some kind of authority on this? He created Microsoft well over 40 years ago and mainly manages a foundation nowadays. He doesn&#39;t know any more than most people and truth be told many people who were actually experts in the past have been very wrong on predictions regarding computer technology. We might have some indications but we don&#39;t know exactly how much and how fast AI will impact the world and jobs in the long term.";2024-04-18T22:40:58Z;0;;Why would Bill Gates be some kind of authority on this? He created Microsoft well over 40 years ago and mainly manages a foundation nowadays. He doesn't know any more than most people and truth be told many people who were actually experts in the past have been very wrong on predictions regarding computer technology. We might have some indications, but we don't know exactly how much and how fast AI will impact the world and jobs in the long term.
UCZHdhGrr4J-nrhI7WrG7ygw;@gusmotorsports;Plumber, electrician, Carpenter etc...;2024-04-18T09:30:38Z;0;;Plumber, electrician, Carpenter etc...
UCiUkjD3lL8pRcIFBhohJ5sw;@digitalvivekpal;Why anyone do a job at first place  there was no concept  of job 150 years ago now job market is shaking thesedays  people  are goning through  depression  and anxiety to livelihood. They understood  that how corporate and rich people  are using  them as puppet. But you   people  continuesly  getting bombarded people with  ai ai ai. Nature has given  enough food to eat people that that  they cam survive  and live. But for ambition  and greed  we struggle  and get all anxiety d;2024-04-18T05:31:39Z;0;;Why anyone do a job at first place there was no concept of job 150 years ago now job market is shaking these days people are going through depression and anxiety to livelihood. They understood that how corporate and rich people are using them as puppet. But you people continuously getting bombarded people with artificial intelligence artificial intelligence. Nature has given enough food to eat people that they can survive and live. But for ambition and greed we struggle and get all anxiety d
UCqyyYVw2JiVoN1nt1kyLnfQ;@gklmnop205;Ai replacing jobs following ai replacing market and humans ....sounds scary;2024-04-18T04:19:06Z;0;;Ai replacing jobs following artificial intelligence replacing market and humans ....sounds scary
UCEkLMYV88QK4_nz1z6Q66TQ;@drop883;Government jobs will be safe?;2024-04-18T01:02:10Z;0;;Government jobs will be safe?
UCfvQs7IIjQM4CCdXh-5SwFg;@lokeshbangalore7319;Just wondering, robot needs a keyboard to type?  And a monitor to see?;2024-04-17T17:47:34Z;0;;Just wondering, robot needs a keyboard to type? And a monitor to see?
UCsYNolY6HiZFLKDh4qYPMkQ;@krox477;"I&#39;ll just shift to farming only job left to do after everything is automated";2024-04-17T17:31:23Z;0;;I'll just shift to farming only job left to do after everything is automated
UCK-8i-wNNkwxrFwlAPkawXw;@cashflowinvestor23;"Chat GPT and AI can be a tool, but it&#39;s a long way off from replacing tons of jobs imo. I ask AI to assist me with writing content for example. However, I NEVER copy and paste the AI generated content word for word, because it would be a complete garbage article (and Google is punishing this now with SEO). AI can most definitely be a helpful tool, but not a &quot;replace humans because it can do it better&quot; by any stretch. The way I look at AI is corporate ozempic. It gets rid of the bloat but the corporation obviously can&#39;t function without a solid human base to check the AI.";2024-04-17T15:55:14Z;0;;ChatGPT and AI can be a tool, but it.a long way off from replacing tons of jobs in my opinion. I ask AI to assist me with writing content for example. However, I NEVER copy and paste the AI generated content word for word, because it would be a complete garbage article and Google is punishing this now with SEO. AI can most definitely be a helpful tool, but not a replacement humans because it can do it better by any stretch. The way I look at AI is corporate Ozempic. It gets rid of the bloat, but the corporation obviously can't function without a solid human base to check the AI.
UCxIybtjf9q_8C89_-yCejDA;@zoeyanaqvi-zn7482;"Teachers also can&#39;t be replaced";2024-04-17T12:06:09Z;0;;Teachers also can't be replaced
UCgQ5Mza4_CJ-WRXisiA71Tw;@jemapelle_gargi;So...Not mine.;2024-04-17T04:56:08Z;0;;So... Not mine.
UCXnVHy--wsT7vbgz6-utdnw;@ilearn1298;Mine is. AI can never understand human physiology in Stock markets.;2024-04-17T04:39:15Z;0;;Mine is. AI can never understand human physiology in Stock markets.
UCmmID_qrzlZ7rj_iInAVVNg;@Prof-G.Richie92;"How about investing in AI based industries&#39; stock if any at all?";2024-04-16T17:50:23Z;0;;How about investing in AI based industries stock if any at all?
UCREgqSuYBm7uH_G1m14e_fg;@bartoszt.3190;1. Billionaires 2. False prophets 3. Tax avoiders;2024-04-16T12:11:23Z;0;;1. Billionaires 2. False prophets 3. Tax avoided
UC9mHaKYngeVtDIGr8zIQlng;@user-ov3nt4ll4d;"AI will be use by humans, so people that don&#39;t want to use are in danger.";2024-04-16T11:26:55Z;0;;AI will be used by humans, People that don't want to use are in danger.
UCGSypObY_1xXQUeaj2FLe7A;@empirelinkx9930;Jimmy Apples was fired for sure this time I guess;2024-04-16T10:51:48Z;0;;Jimmy Apples was fired for sure this time I guess
UCKi9ZFctAajqAyGeNkBJ8cg;@rahulsingh7508;"Can AI wash my bum after taking a dump so that I don&#39;t have to do it by myself? If not, then what&#39;s the use of AI?";2024-04-16T10:07:40Z;0;;Can AI wash my bum after taking a dump. That I don't have to do it by myself? If not, then what .the use of AI?
UChNMRxQPoqfA9_MsjGTTPQA;@dhruvshukla2389;Stop producing kids!!!!!;2024-04-16T08:39:56Z;0;;Stop producing kids!!!!!
UCmEG1Yq-uB3J1ucC4BcXIkA;@jasjotdhanjal5537;But which jobs?;2024-04-16T05:48:23Z;0;;But which jobs?
UCfVNbaXS2DSR4FUGR3f6ubQ;@NickDrinksWater;They took our jerbs!;2024-04-16T02:13:01Z;0;;They took our jobs!
UCVbA7lzfk3rG5MfClxj9VMQ;@rahulchakraborty9037;semiconductor industry?;2024-04-15T18:07:32Z;0;;Semiconductor industry?
UCSLwvhNXCW18i19HqbHcpDQ;@rayanjazz2910;This fast pace of technology i.e AI sucks... !!;2024-04-15T17:24:39Z;0;;This fast pace of technology i.e. AI sucks... !!
UCl8MpSYjPBQs81y2491yvJg;@s9ka972;Movie Artists particularly females . AI Heroines with perfect acting skill and significant hour glass figure will come;2024-04-15T14:40:25Z;0;UCsTzJ1tDA88xdDIfRdjDbvA;Movie Artists particularly females. AI Heroines with perfect acting skill and significant hour glass figure will come
UC7P9uorJDpf3VkmSqIPxWYA;@myshah4476;Bhrm me mat raho..ai ka phase hota hai..ai sab kuch take over kar lega.. slowly.. terrorist bhi ban sakta hai .they will be extremely dangerous;2024-04-15T18:41:10Z;0;UCsTzJ1tDA88xdDIfRdjDbvA;BRM me mat rah.artificial intelligence key phase hot HAI.artificial intelligence SAB such take over car legal. Slowly. Terrorist BHI ban Santa HAI .they will be extremely dangerous
UCl2b5AIzO1Yr2BehC24DMaw;@geordi-gabrielrenauddumoul449;Cope;2024-04-27T02:45:17Z;0;UCsTzJ1tDA88xdDIfRdjDbvA;Cope
UCdl8Hs0EzspUOfZf5BEUyYQ;@worchanshinglai5404;"Why don&#39;t u make video on  economy of WWE";2024-04-15T09:59:46Z;0;;Why don't you make video on economy of WWE
UCqfMEQzND2Gf03TSS2qv66A;@rosepainting8775;Just bring Universal Basic Income. People will start doing what they love.;2024-04-15T04:34:50Z;0;;Just bring Universal Basic Income. People will start doing what they love.
UCh-MgpdaQ0odh8XC4BvJo5Q;@Aussie-Assna-Spuds;Material science will never be replaced by AI.;2024-04-15T00:37:20Z;0;;Material science will never be replaced by AI.
UCXser5C_bfEoyDtQedJCMiA;@smetljesm2276;The safest one is politics;2024-04-14T21:41:32Z;0;;The safest one is politics
UCa3dqMNT4tjI1_cTpFHYkDw;@IrkyMan;Finding AI talent to fire them in 2 years;2024-04-14T19:51:03Z;0;;Finding AI talent to fire them in 2 years
UCivQOubia_c4acFAcAFTsRQ;@user-ve6fl6nr2q;I love this one:AI powered Jihadi Bots;2024-04-14T15:11:32Z;0;;I love this one AI powered Jihadi Bots
UCw2lNX7I__DaLjiss32I9zg;@rex-ov4bi;Prostitute cannot be replace with AI;2024-04-14T14:33:36Z;0;;Prostitute can not be replaced with AI
UC085T-6ZUuV1FxJGDItmDQw;@tomdoyle5720;FBG;2024-04-14T14:20:18Z;0;;FBG
UCp5hl4g1BngoEdFi4r1DdrQ;@SamYamn;the ai got sentient that was the information.;2024-04-14T13:49:50Z;0;;The artificial intelligence got sentient that was the information.
UCPqVBPZq36gTCqyBPCoRAUQ;@satyajitsipai7407;An AI wont be able to clean my bathroom;2024-04-14T13:23:52Z;0;;An AI will note able to clean my bathroom
UCL3h34UU6r1NDZVeqOiyMvw;@unmeshpatel3560;"AI will destroy more jobs than it&#39;d add up! Imagine";2024-04-14T13:17:47Z;0;;AI will destroy more jobs than it'd add up! Imagine
UCsj1SKLS2t9lmT4GdMUWm1g;@user-ti8de1fd1q;Sure iam a electrician;2024-04-14T13:13:25Z;0;;Sure I am an electrician
UC0gYoIBw5eNMNPctA7zOCRA;@millycyril7256;"He doesn&#39;t have any answers, he is just spooking you all with his stupidity.";2024-04-14T11:54:29Z;0;;He doesn't have any answers, he is just spooking you all with his stupidity.
UCqGDwIKFMAU0jMGmZcGz7BQ;@fab9037;Jobs related to energy would include electrician, welders etc. Biology would comprise of doctor, nurses, micro biologist and similar jobs. Last category would include AI programmers;2024-04-14T10:26:21Z;0;;Jobs related to energy would include electrician, welders etc. Biology would comprise doctor, nurses, microbiologist and similar jobs. Last category would include AI programmers
UCzu27GKl9zH5mLeX5l3YCrg;@hochangyaw4477;A language teaching robot may have already been made possible, but I doubt that there will be a robot teaching dialects anytime soon.;2024-04-14T10:16:19Z;0;;A language teaching robot may have already been made possible, but I doubt that there will be a robot teaching dialects anytime soon.
UCRjMO8AqjFpQU567C0puuvQ;@Nique3900;There are already AI apps on play Store that teach English;2024-04-19T04:47:02Z;0;UCzu27GKl9zH5mLeX5l3YCrg;There are already AI apps on play Store that teach English
UC0MtD6NHoB1yYR_f2csD2FA;@amalbanerjee1935;Nonsense and dumb reporting;2024-04-14T09:38:09Z;0;;Nonsense and dumb reporting
UC1TJXuoDT5SrsBQ1Qajfhzg;@kevingeorge5049;Make it faster;2024-04-14T07:43:24Z;0;;Make it faster
UCTtue7eWaLKCwWzxND8jokg;@testtest-co9hk;Hype HYpe and more Hype. Microsoft has vested interest in open ai and they have loaded their apps with ai so they would definitely support ai with these gloomy predictions.;2024-04-14T05:53:01Z;0;;Hype and more Hype. Microsoft has vested interest in open artificial intelligence, and they have loaded their apps with artificial intelligence. They would definitely support artificial intelligence with these gloomy predictions.
UCnEjFcJ-jiFrEf8Wj5ccajw;@umtatraining;"Humanoid drones, using AI, will almost certainly replace all &#39;human&#39; jobs, over a period of time.";2024-04-14T05:12:34Z;0;;Humanoid drones, using AI, will almost certainly replace all human jobs, over a period of time.
UCY8hUCKZ5hCrZThQQ12cbUg;@Zeon7510;"Can&#39;t photograph weddings if people don&#39;t have jobs to afford a wedding ya know. Indirectly impacted.";2024-04-30T17:06:50Z;0;UC6IkfsyquLuxGXrx9qALs_w;Can't photograph weddings if people don't have jobs to afford a wedding ya know. Indirectly impacted.
UCrGq0mDb3bsqGy_j6et-ViA;@SolomonSunder;You might get affected by people with AI assisted tools. Imagine there is a system which tells where to place the camera, and takes pictures automatically based on pose etc. It would be a cut in manpower and make money. My colleague had a self picture tool with high res for birthday parties. He only gave the equipment + software on rent.;2024-04-30T20:46:42Z;0;UC6IkfsyquLuxGXrx9qALs_w;You might get affected by people with AI assisted tools. Imagine there is a system which tells where to place the camera, and takes pictures automatically based on pose etc. It would be a cut in manpower and make money. My colleague had a self picture tool with high-res for birthday parties. He only gave the equipment software on rent.
UCZEVKBaD5joidLC6wG_dY2w;@debashisraykarmakar836;The most safe job now is to developer for AI;2024-04-14T04:04:26Z;0;;The most safe job now is to developer for AI
UCoJ91S2KV3_iaw1ZpFqM6GA;@anandpaulraj8094;Waiting for AI to replace my job and my bosses job!;2024-04-14T01:35:27Z;0;;Waiting for AI to replace my job and my bosses job!
UCvOPJGATFQbKTKMjWGX0FOA;@collins1231;AI will bring more jobs. Gates is a scam;2024-04-13T20:44:43Z;0;;AI will bring more jobs. Gates is a scam
UCh48rsA8qr6ige8iYGXkoRQ;@tentimesful;in programing I liked when intellisence gave me by tab to writedown the long method name and also when I write alot of lines to put in a method with the variables names copied to finish that method of the lines i have written to reuse it in other methods again lol is nice.... but my strongest factor is write in google the functions I need in words and voila they bring the methods scrambled but I can copy it and paste it and make it 10 times bigger in the program I need, let alone the programs I wrote to fit in to my program I need by copying paste in another program I need to make with minor adjustments lol... p.s I can read super fast for information I need and exclude false information...;2024-04-13T19:08:35Z;0;;In programing, I liked when intelligence gave me by tab to write down the long method name and also when I write a lot of lines to put in a method with the variables names copied to finish that method of the lines I have written to reuse it in other methods again laugh out loud is nice.... but my strongest factor is written in google the functions I need in words and voilà they bring the methods scrambled, but I can copy it and paste it and make it 10 times bigger in the program I need, let alone the programs I wrote to fit in to my program I need by copying paste in another program I need to make with minor adjustments laugh out loud... p. I can read superfast for information I need and exclude false information...
UCLJFaaJGTbJKIPoAreQO5_Q;@alokrgit123;It will take almost 10 years for AI to replace people plus you need more AI engineers who can develop and train deepmap and neural networks these journalist just show half baked information just one logic they no fear and panic sells good.;2024-04-13T18:51:30Z;0;;It will take almost 10 years for AI to replace people plus you need more AI engineers who can develop and train DeepMap and neural networks this journalist just show half-baked information just one logic they no fear and panic sells good.
UC6xttWeapwUMSO-jJdghLgQ;@princejain8;"AI  mostly gives right answer.<br>But I always agree and support my boss&#39;s decision right or wrong.<br><br>So AI can never replace me.";2024-04-13T16:23:09Z;0;;AI mostly gives right answer. But I always agree and support my boss.decision right or wrong. So AI can never replace me.
UCSx9efuB2EJ15w66zrfxXBQ;@trip_t2122;Also sports;2024-04-24T16:08:05Z;0;UCjlWpSGF5VQRtNQDaCtDDbw;Also sports
UCmu9D15flBTYDzCAkCmXCpg;@MrAnvith1993;I am telling you the world would be a much depressed place where its AI who lack emotions running the world.;2024-04-13T11:06:29Z;0;;I am telling you the world would be a much depressed place where it is AI who lack emotions running the world.
UCXnoV1T2Z-iXdL4yjuqQxOQ;@SapphireTvYt;And farmers;2024-04-13T10:33:15Z;0;;And farmers
UC2V74i3H2VBeOx7UVDUiR_Q;@nageshtagadur;all our jobs are in jeopardy,.. only the bars, redlight areas are safe,.. because the salaries for state government ,... come from there,... during covid,... we have seen it,...!;2024-04-13T09:12:53Z;0;;All our jobs are in jeopardy,. Only the bars, relight areas are safe,. Because the salaries for state government, ... come from there, ... during covid, ... we have seen it, ...!
UCzHLf2targV65N3kjCxVpMw;@ericking2611;Lovemom;2024-04-13T08:45:49Z;0;;Love mom
UCAHE3Yqt5-EEmzKcR4ok0Sw;@tinaing2374;Is your recession Al.proof?;2024-04-13T08:18:17Z;0;;Is your recession Al. Proof?
UCsP_u6jQ-PTXTZ0hXzS4MVQ;@appukuttan3006;I dont think so  it can happen before a year;2024-04-17T04:18:32Z;0;UC7OD5ldvfnQfspSQCuLon1Q;I do not think. It can happen before a year
UCosMi9bvsfSx_ISyriOiadw;@Roushan-xg1dv;"Tm kitna bada bala popat bana rahe hu sab ko kud bhi hu hu ,u don&#39;t know  any thing about al jake saerch kero sky net Nevada chat gtp , copilot , dekhu to aage aage kya huta , aisa lagta tere pass koi bhi basic knowledge  nahi hai ,islia fault ka baat kerta tm i am engineering  itne bade bade you tuber jiske 5 million  subscriber  hai jo dar rahe al se even bo kud codings  kerte hai ,or tm hu ek manah jisko kuch bhi nahi pata hai";2024-04-17T10:34:30Z;0;UC7OD5ldvfnQfspSQCuLon1Q;Tm kidney bad ball Popeye band race HU SAB KO mud BHI hu, you don't know anything about all Jake search hero sky net Nevada chat GTP, copilot, Delhi to aage Kay hut, Asia LEGTA tier pass KOI BHI basic knowledge Nazi HAI, ilia fault key beat Berta TM I am engineering ITN bade YouTuber like 5 million subscriber HAI Jo DAR race all. Even Beau mud codings were HAI, or TM HU EK MANA risk such BHI Nazi data HAI
UC8xEkmLLqjVIAVUX_r_7Rdw;@raishunil5468;India will lead AI revolution in next 3 years. India will rule the AI sector.;2024-04-13T06:32:15Z;0;;India will lead AI revolution in next 3 years. India will rule the AI sector.
UCGiEbolvviNVcFUpnALlmUA;@MededSmith;Cant wait for AI to do my brain surgery;2024-04-13T06:31:42Z;0;;Can not wait for AI to do my brain surgery
UCM8YAiQtw3z5zVDh8JTwaYg;@lelin4732;"Those twerking &quot;fan only&quot; superstars are immune to every AI forever. Mens always suffer it&#39;s an universal fact";2024-04-13T06:23:02Z;0;;Those twerking fan only superstars are immune to every AI forever. Men always suffer it .a universal fact
UCjI37tZjrZ5Up16OvEUKhYw;@ambivertical;The CEO?;2024-04-17T05:04:40Z;0;UCK_0ZwYQYmiKG45OC05lDpg;The CEO?
UClZ2bAePjdJ3Y81cwVAaHOw;@pesgamer00;"This is why I&#39;m learning AI and Machine Learning instead of traditional programming.";2024-04-13T05:56:17Z;0;;This is why I'm learning AI and Machine Learning instead of traditional programming.
UCaRuVFSP1MaMEqPXs1qMN_g;@mithunshet5922;There will be a model in future to create AI models too..;2024-04-13T05:40:00Z;0;;There will be a model in future to create AI models too.
UCiSYCrARGvZ14vK2vouA4zw;@worldnews1545;"Why everyone is crying on ai.  Are you all guys relying on software jobs ? There are 200+ different job titles which pay huge salaries... And why are people very much bothered about ai.. nothing to worry atleast for about 200 years.. because in 1900 tech was so good..  everyone assumed we will do intergalactic travel.. by 2020...  Today my foot.. humans lost creativity.. and creativity is no more... Rules regulations killed everything.... It&#39;s unlikely that ai will be employed everywhere... Soon rules will come to remove ai completely from existence...  History is proof..  all problems are just temporary...";2024-04-13T05:38:42Z;0;;Why everyone is crying on artificial intelligence. Are you all guys relying on software jobs ? There are 200 different job titles which pay huge salaries... And why are people very much bothered about artificial intelligence. Nothing to worry at least for about 200 years. Because in 1900 tech was. Good. Everyone assumed we will do intergalactic travel. By 2020... Today my foot. Humans lost creativity. And creativity is no more... Rules regulations killed everything.... It.unlikely that artificial intelligence will be employed everywhere... Soon rules will come to remove artificial intelligence completely from existence... History is proof. All problems are just temporary...
UClz1ckLGCJ3kT_KgxmuVDCg;@polyteky;can you list some from the 200+;2024-04-13T14:59:18Z;0;UCiSYCrARGvZ14vK2vouA4zw;Can you list some from the 200
UCtMFjxrk9tmCHRi1CsKz54A;@stanleymaxon;As a beginner what do I need to do? How can I invest, on which platform? If you know any please share.;2024-04-13T04:45:38Z;0;UC3DQao8Q94gxF8uREuA8f8w;As a beginner what do I need to do? How can I invest, on which platform? If you know any please share.
UCxQNrXeBUEiLja7lOOB8XAQ;@ashishsharma4853;Pakode yojna;2024-04-13T04:30:47Z;0;;Parade young
UCsJCI0J7YuaaHIA1PytZeCg;@jdsheleg8332;I want to see a drone with AI delivering dog food and water to a front door.;2024-04-13T03:49:14Z;0;;I want to see a drone with AI delivering dog food and water to a front door.
UCUB6baFW4kvLsLzlZ-kp5Ug;@stephanieellison7834;"AI and its Impact on Society<br><br>Oct 31, 2023, updated on April 11, 2024<br><br>We must ask ourselves, &quot;What will happen when AI has taken 85% of jobs present in 2020?  What will we do?  How will we eat and survive without incomes from jobs or other means?&quot;  What is disturbing is that while AI is taking these jobs, the gov&#39;t and the corporations have not done ANYTHING to prepare us for an AI&#39;ed civilization.  They have not said anything about major retraining of an entire economy to something else, and they have not followed up on a discussion of universal basic income.  This is supposedly supported by a lack of information in the latest government budgets submitted and approved as reported by some YouTube videos.<br><br>It appears that the US gov&#39;t and the corporations intend to kill off the majority of Americans passively, through starvation from lack of income to buy food.  (check and see if farming production is declining or will start to decline ahead of the &quot;starvation phase&quot;)  (also check to see if the &quot;makeup&quot; of robot equipment allocation would change to reflect a trend away from retail and services for the masses, possibly indicating an extinction of the American public - this means taking a robot from Chipotle and repurposing it for some other job not related to the public, or scrapping affected robots to be remade for some other purpose that has nothing to do with the public)  It appears that the decline of farming has already started with the state of Maine buying farm land under the pretext that there are &quot;forever chemicals&quot; present at around 20 parts per TRILLION (safe level is said to be only 4 parts per TRILLION), which does not make sense, BUT this would rope in a LOT of land across the US.  Other states may follow suit in addition to the ten states that have similar laws in place.<br><br>This way, there are only enough people alive to get some things done, and the rest is done by AI, and the survivors who planned this can claim the whole country for themselves.  Imagine having an estate mansion half the size of a mall on several dozen thousand acres of land, and robots would be used to maintain and clean the estates and do the farming FOR THE ESTATE OWNERS.  The White Man&#39;s wet dream of civilization.  What will the Native Americans south of the US border do when they see this coming, especially when they can buy firearms legally now?  Hopi prophecy...";2024-04-13T03:31:08Z;0;;AI and it is Impact on Society Oct 31, 2023, updated on April 11, 2024, We must ask ourselves What will happen when AI has taken 85 of jobs present in 2020? What will we do? How will we eat and survive without incomes from jobs or other means? What is disturbing is that while AI is taking these jobs, the gov t and the corporations have not done ANYTHING to prepare us for an AI ed civilization. They have not said anything about major retraining of an entire economy to something else, and they have not followed up on a discussion of universal basic income. This is supposedly supported by a lack of information in the latest government budgets submitted and approved as reported by some YouTube videos. It appears that the US gov t and the corporations intend to kill off the majority of Americans passively, through starvation from lack of income to buy food. Check and see if farming production is declining or will start to decline ahead of the starvation phase also check to see if the makeup of robot equipment allocation would change to reflect a trend away from retail and services for the masses, possibly indicating an extinction of the American public this means taking a robot from Chipotle and repurposing it for some other job not related to the public, or scrapping affected robots to be remade for some other purpose that has nothing to do with the public It appears that the decline of farming has already started with the state of Maine buying farm land under the pretext that there are forever chemicals present at around 20 parts per TRILLION safe level is said to be only 4 parts per TRILLION, which does not make sense, BUT this would rope in a LOT of land across the US. Other states may follow suit in addition to the ten states that have similar laws in place. This way, there are only enough people alive to get some things done, and the rest is done by AI, and the survivors who planned this can claim the whole country for themselves. Imagine having an estate mansion half the size of a mall on several dozen thousand acres of land, and robots would be used to maintain and clean the estates and do the farming FOR THE ESTATE OWNERS. The White Man .wet dream of civilization. What will the Native Americans south of the US border do when they see this coming, especially when they can buy firearms legally now? Hopi prophecy...
UCELaOutJxxyfoHD5gGWauQw;@nishantc9100;Covid made people lazy.  Now AI will make people more lazy.;2024-04-13T02:17:47Z;0;;Covid made people lazy. Now AI will make people more lazy.
