id;name;text;time;likes;reply;CleanedText;ProcessText;SentimentScore;ActualLabel
UCtAyjoOSxroCFthpkIhiCEQ;@Because_Truth_Matters;From accountants to Engineers, not many are safe.;2023-06-03T02:56:27Z;152;;From accountants to Engineers, not many are safe.;accountant engineer not many safe;-0.8610000014305115;Negative
UC0bTh1kxKq8326pm_3xdryg;@jamespowers8826;"Anytime someone says that this or that job could take a long time to be replaced by AI, I question whether they actually understand AI. AI is improving exponentially now. That&#39;s a hard concept to grasp. &quot;A long time&quot; in AI development is a single day.";2023-06-06T11:54:31Z;114;;Anytime someone says that this or that job could take a long time to be replaced by AI, I question whether they actually understand AI. AI is improving exponentially now. That .a hard concept to grasp. A long time in AI development is a single day.;anytime someone say job take long time replace ai question actually understand ai ai improve exponentially .a hard concept grasp long time ai development single day;-0.1379999965429306;Negative
UC8GSzEAjTdFdieOqy0ROJtA;@iqbalmatondang;"I wish all of the world&#39;s leaders today could be changed by AI";2023-06-03T06:29:43Z;73;;I wish all the world .leaders today could be changed by AI;wish world .leaders today change ai;0.5360000133514404;Positive
UCTK51MF58vn0nrFuJ3VJsbQ;@17Perez;"We should boycott businesses and companies that want to replace humans with AI. <br><br>Unless we have a system where those replaced by AI will gain some time of benefit, we should not let AI take over in the workforce. Companies only care about profits, not people. If we don&#39;t do anything about it we are affirming that they can indiscriminately replace people with AI without consequences. Millions will be out of work and the competition for some positions will be fierce.";2023-06-03T08:45:18Z;71;;We should boycott businesses and companies that want to replace humans with AI. Unless we have a system where those replaced by AI will gain some time of benefit, we should not let AI take over in the workforce. Companies only care about profit is, not people. If we do not do anything about it, we are affirming that they can  replace people with AI without consequences. Millions will be out of work and the competition for some positions will be fierce.;boycott business company want replace human ai system replace ai gain time benefit not let ai take workforce company care profit not people not anything affirm replace people ai consequence million work competition position fierce;-0.8679999709129333;Negative
UC3In6vQ8k3kp6i8gs3hqf8Q;@jonnanderson6489;If you shower before work - worry. If you shower after work - worry later.;2023-06-03T08:19:53Z;55;;If you shower before work worry. If you shower after work worry later.;shower work worry shower work worry later;0.5979999899864197;Positive
UCkGGQQs-zCO-g8lUdeguk6w;@1964mcqueen;CEOs could easily be replaced. AI can analyze more data, know virtually everything happening in even the largest companies, and make decisions much faster and without emotion.<br>Or, they lay off most of their workforce and award themselves enormous bonuses.;2023-06-15T02:36:31Z;40;;CEOs could easily be replaced. AI can analyze more data, know virtually everything happening in even the largest companies, and make decisions much faster and without emotion. Or, they lay off most of their workforce and award themselves enormous bonuses.;ceo easily replace ai analyze data know virtually everything happen even large company make decision much fast emotion lay workforce award enormous bonus;-0.11299999803304672;Negative
UCfqfaG7xC0KRaEgdKR2VW-A;@fable8335;The most terrifying thing about ai is the fact that this broken tech is going to be trusted with way too much;2023-06-08T13:02:08Z;39;;The most terrifying thing about AI is the fact that this broken tech is going to be trusted with way too much;terrifying thing ai fact broken tech go trust way much;-0.9520000219345093;Negative
UCnWtLwl4ENJyYTX7fC-CI5w;@NikoKun;Their list is a bit off.. Creatives and teachers are both at high risk from AI. The jobs that remain at low risk on their list, not everyone can do those, in fact most people actively do not wanna do those jobs.;2023-06-03T12:35:36Z;34;;Their list is a bit off. Creatives and teachers are both at high risk from AI. The jobs that remain at low risk on their list, not everyone can do those, in fact most people actively do not want to do those jobs.;list bit creatives teacher high risk ai job remain low risk list not everyone fact people actively not want job;-0.828000009059906;Negative
UCKU_HTkqdKFcD0ABjVKvNww;@lineage13;"In the beginning it will just mean software companies will hire 50% less software developers. But the terrifying thing is the rate that AI is advancing at because it builds on it&#39;s self. Soon AI may replace everyone.";2023-06-03T03:21:12Z;26;UCtAyjoOSxroCFthpkIhiCEQ;In the beginning it will just mean software companies will hire 50 less software developers. But the terrifying thing is the rate that AI is advancing at because it builds on it .self. Soon AI may replace everyone.;beginning mean software company hire less software developer terrifying thing rate ai advance build soon ai replace everyone;-0.3580000102519989;Negative
UClt9fnuXwhfvD2_8YSenVKA;@user-kn6vw4sr2r;I was thinking of becoming a p0.rn star but even that is not safe with deep fakes;2023-06-14T10:59:00Z;26;UCtAyjoOSxroCFthpkIhiCEQ;I was thinking of becoming a p0.RN star, but even that is not safe with deep fakes;think become p.rn star even not safe deep fake;-0.41600000858306885;Negative
UC1Lv9PZiV49hAWflvqGb-3Q;@Recuper8;"Here&#39;s an exhaustive list of jobs that never have to worry about technology taking from a human:_<i>__,____,____</i>";2023-06-04T19:38:33Z;19;;Here .an exhaustive list of jobs that never have to worry about technology taking from a human _ __, ____, ____;.an exhaustive list job never worry technology take human _ __ ____ ____;0.19699999690055847;Negative
UCaV-0YOAXY03jTtsHw5bXFQ;@linkinparkforlife6506;If AI can take my job, i wish it takes over the world and desroys everything;2023-06-14T05:45:00Z;17;;If AI can take my job, I wish it takes over the world and destroys everything;ai take job wish take world destroy everything;-0.847000002861023;Negative
UCrERDkzy9EJbzpPsOeD3cVg;@cHVF;"that interviewer getting replaced by AI would be a positive, I&#39;m thinking..";2023-06-03T20:35:06Z;17;;That interviewer getting replaced by AI would be a positive, I m thinking.;interviewer get replace ai positive think;0.8140000104904175;Positive
UCsiZ9YemU6dWSeldjPs92IQ;@r1pperuk;As a creative Ai is already decimating the industry. Ai is coming for way more jobs than society is prepared for! 30%-50% of the entire workforce could be replaced by 2040. Staggering impact.;2023-07-06T17:46:12Z;15;;As a creative Ai is already decimating the industry. Ai is coming for way more jobs than society is prepared for! 30 50 of the entire workforce could be replaced by 2040. Staggering impact.;creative ai already decimate industry ai come way job society prepare entire workforce replace staggering impact;-0.421999990940094;Negative
UC6P0DbkaZ3EDwhlX08Bo8gA;@GrumpDog;"@@TheCommunicationCoach Where have you been? That used to be the general consensus, but as it&#39;s turned out, those are already some of the first jobs to go. Look at the concerns of the writers strike.<br>Creatives can still make themselves unique and find ways to make money. But the days of businesses paying &quot;creatives&quot; a regular wage, are likely over.<br>Another job that&#39;s soon to be over, voice actors. Some of the AI generated voices are getting crazy impressive, and can even add emotional emphasis to what they&#39;re saying. Same goes for translation voice actors, as they&#39;ve figured out how to get an AI to generate translated voices, using the same voice as the original non-english actor.";2023-06-04T00:48:18Z;13;UCnWtLwl4ENJyYTX7fC-CI5w;Where have you been? That used to be the consensus, but as it .turned out, those are already some of the first jobs to go. Look at the concerns of the writers strike. Creatives can still make themselves unique and find ways to make money. But the days of businesses paying creatives a regular wage, are likely over. Another job that .soon to be over, voice actors. Some of the AI generated voices are getting crazy impressive, and can even add emotional emphasis to what they re saying. The our goes for translation voice actors, as they ve figured out how to get an AI to generate translated voices, using the our voice as the original non English actor.;use consensus .turned already first job go look concern writer strike creatives still make unique find way make money day business pay creatives regular wage likely job .soon voice actor ai generate voice get crazy impressive even add emotional emphasis say go translation voice actor figure get ai generate translated voice use voice original non english actor;0.06400000303983688;Negative
UCQldn2GFWlSQyhGWAzvgU0g;@BillSias-op7xw;The most endangered job is author and futurist.;2023-06-03T12:10:20Z;13;;The most endangered job is author and futurist.;endangered job author futurist;-0.6489999890327454;Negative
UCv6uCN-oMRrHkrCtfBiEHUw;@manifesting.inner.g;Why..... Would you make something that can take from millions of people.... What are people supposed to do for work? You guys are deplorable. This need for greed will NOT work. The people WILL win....;2023-06-03T06:05:17Z;13;;Why..... Would you make something that can take from millions of people.... What are people supposed to do for work? You guys are deplorable. This need for greed will NOT work. The people WILL win....;..... make something take million people .... people suppose work guy deplorable need greed not work people win ....;-0.5049999952316284;Negative
UCHw2qvO8mOA8N0eo32UfS9Q;@labloke5020;He really is not good at explaining thing - here is a break down: If you are working with a hands and feet then you are safe for now because it requires robotics and if you work front of the computer all day in the office environment, your job is not safe. This includes computer programmers as well as those people who are developing these AIs.;2023-06-03T04:53:48Z;13;;He really is not good at explaining thing here is a break down If you are working with a hands and feet then you are safe for now because it requires robotics and if you work front of the computer all day in the office environment, your job is not safe. This includes computer programmers as well as those people who are developing these AIs.;really not good explain thing break work hand foot safe require robotics work front computer day office environment job not safe include computer programmer well people develop ai;-0.3440000116825104;Negative
UCxQ0nZKYr6ufgGMP0GAswQg;@knowledgeable832;Politicians should be changed with AI.;2023-06-14T16:29:47Z;11;;Politicians should be changed with AI.;politician change ai;-0.24400000274181366;Negative
UCyZuweoiR3ASai7ELxJD9_w;@ij9375;It just means you will have a bigger work load;2023-06-28T15:49:21Z;11;UCaV-0YOAXY03jTtsHw5bXFQ;It just means you will have a bigger work load;mean big work load;-0.125;Negative
UCynmkN8rwaTAQQEg5ytuMLg;@No-xs1no;Just like broken people are trusted with way too much now;2023-06-09T20:03:04Z;11;UCfqfaG7xC0KRaEgdKR2VW-A;Just like broken people are trusted with way too much now;broken people trust way much;-0.9350000023841858;Negative
UCqP1xYb5SXlx_KlYJISUpqw;@shad118;Saturated market;2023-06-03T22:06:53Z;11;UC6P0DbkaZ3EDwhlX08Bo8gA;Saturated market;saturate market;-0.8330000042915344;Negative
UC3Lhinen3XosPSPMoMSVUdg;@kojac40;So the money yall going to save from not hiring employees, they are going to be donated to the 300M fired employees...how thoughtful and nice of yall;2023-06-20T04:13:27Z;9;;So the money why'all going to save from not hiring employees, they are going to be donated to the 300M fired employees...how thoughtful and nice of why'all;money why'all go save not hire employee go donate fire employee thoughtful nice why'all;0.40400001406669617;Negative
UCk8dTUelB5sX2G21QzPWuXA;@brianholguin6338;yeah she kept interrupting, extremely annoying. i hope she loses her job.;2023-06-15T03:49:14Z;9;UCrERDkzy9EJbzpPsOeD3cVg;yeah, she kept interrupting, extremely annoying. I hope she loses her job.;yeah keep interrupt extremely annoy hope lose job;-0.890999972820282;Negative
UCr9tL38NTSbJwWYzwpQK7hA;@davidhill8565;We need more universities that will train for AI-proof jobs.;2023-08-10T22:24:59Z;8;;We need more universities that will train for AI proof jobs.;need university train ai proof job;0.2160000056028366;Negative
UCi54WKPOoxsJBy24BGANbcQ;@kivancersoz2203;I think what the world governments need to do is to allocate a basic salary for all the citizens or households that can be sufficient for surviving a good life , and  let the AI do most ( not all ) jobs that people are doing to earn that salary. That is the most ideal way that we can solve all the productivity and surviving problems. And the people will have more room to improve their skills and abilities in areas where they really enjoy rather than have to work to survive. ( People who have those special abilities of course will earn more money accordingly) Another benefit of this for the governments is that it would prevent the anarchy and creates more cooperative citizens);2023-11-17T05:12:40Z;7;;I think what the world governments need to do is to allocate a basic salary for all the citizens or households that can be sufficient for surviving a good life, and let the AI do most not all jobs that people are doing to earn that salary. That is the most ideal way that we can solve all the productivity and surviving problems. And the people will have more room to improve their skills and abilities in areas where they really enjoy rather than have to work to survive. People who have those special abilities of course will earn more money accordingly Another benefit of this for the governments is that it would prevent the anarchy and creates more cooperative citizens;think world government need allocate basic salary citizen household sufficient survive good life let ai not job people earn salary ideal way solve productivity survive problem people room improve skill ability area really enjoy rather work survive people special ability course earn money accordingly benefit government prevent anarchy create cooperative citizen;0.6370000243186951;Positive
UCOk0DTfCWFfguz99Tq0hVFg;@sea_turtle007;How will people make money when AI replaces the workforce?;2023-07-29T11:11:22Z;7;;How will people make money when AI replaces the workforce?;people make money ai replace workforce;-0.24400000274181366;Negative
UC0DOu3RmVwdnGsKg10yUh_A;@davidtaylor400;Creatives are safe, huh? Tell actors and writers and graphics people that.;2023-07-24T00:13:33Z;7;;Creatives are safe, huh? Tell actors and writers and graphics people that.;creatives safe huh tell actor writer graphic people;-0.15700000524520874;Negative
UCMDIvn1q9C7HVFZ5gcGIjkw;@Adam-nw1vy;2040 sounds incredibly generous.;2023-07-29T00:34:33Z;7;UCsiZ9YemU6dWSeldjPs92IQ;2040 sounds incredibly generous.;sound incredibly generous;0.8790000081062317;Positive
UCK7TSBelpg7r9NqRekRPX2g;@dudeabides69;"It&#39;s not on that tragectory.  That&#39;s the point.";2023-06-12T01:18:47Z;7;UCaK2F76cHmG0Us9ZFNku-RA;It .not on that trajectory. That .the point.;.not trajectory .the point;-0.12800000607967377;Negative
UCLwfn_b1Lx6kZ1i3YQ3_R7Q;@J.D.Vision;Yeah, that would be a really bad idea.;2023-07-10T22:38:58Z;7;UC8GSzEAjTdFdieOqy0ROJtA;Yeah, that would be a terrible idea.;terrible idea;-0.9020000100135803;Negative
UCPmhB2WKJ9bdKwXn62NQ5XQ;@dave5265;"Basically any field that&#39;s not currently dominated by women.";2023-06-03T02:53:22Z;7;;Basically any field that .not currently dominated by women.;basically field .not currently dominate woman;-0.020999999716877937;Negative
UC1OoClHl1OoiWG1KTRWbEGw;@MR-AK;He is wrong. AI is doing more creative jobs than humans already. It can draw paintings, write songs that appeal to people and  so on;2023-08-18T15:07:01Z;6;;He is wrong. AI is doing more creative jobs than humans already. It can draw paintings, write songs that appeal to people and . On;wrong ai creative job human already draw painting write song appeal people;0.23199999332427979;Negative
UCB_L4z_GFc6FUzBNn-nIVlw;@Churlz;"Let&#39;s see how an A.I. does a CEO&#39;s job and they&#39;ll definitely think twice.";2023-07-13T20:29:25Z;6;;Let .see how an A.I. does a CEO .job and they ll definitely think twice.;let .see a.i ceo .job definitely think twice;-0.12200000137090683;Negative
UCkMAkL6YNDSQQpKRqaXeFgA;@gabrielserrano5054;"Its just another tool to help you. Don&#39;t  be dependent on ai or you will be an extension of it. I&#39;m sure most people will be dependent on ai to do everything then when it can&#39;t think good humans who don&#39;t depend on ai will be more creative to solve new problems.";2023-07-18T08:10:42Z;6;UCaV-0YOAXY03jTtsHw5bXFQ;It is just another tool to help you. do not be dependent on AI, or you will be an extension of it. I m sure most people will be dependent on AI to do everything then when it can not think good humans who do not depend on AI will be more creative to solve new problems.;tool help not dependent ai extension sure people dependent ai everything not think good human not depend ai creative solve new problem;0.03200000151991844;Negative
UCAoD_VZR88BWDBaXMbZOjFA;@Sydwiz9999;"what&#39;s the solution then? how are people going to make money?";2023-07-14T06:47:17Z;5;UCsiZ9YemU6dWSeldjPs92IQ;What .the solution then? How are people going to make money?;.the solution people go make money;-0.10199999809265137;Negative
UCxV-i1su9BOpGr9ik5oh-0w;@hassansyed6087;The AI bot can only make surface level things but the details, humans will still be needed for.;2023-07-12T20:14:40Z;5;UCaV-0YOAXY03jTtsHw5bXFQ;The AI bot can only make surface level things but the details, humans will still be needed for.;ai bot make surface level thing detail human still need;-0.014000000432133675;Negative
UCF9rn_Ubcr-5i0VZN4F0TcA;@zeferreira8805;"Lol, you are so naive thinking that. Unless you are a top top student, it&#39;s coming for you too.";2023-07-13T09:01:31Z;5;UCwWPUGE7fJoZv14jKfl2vJw;laughing out loud, you are. Naive thinking that. Unless you are a top student, it .coming for you too.;laugh loud naive thinking top student .coming;0.014000000432133675;Negative
UCSaD8ly4MVx8EmkTB2xLuQg;@cmritchie04;I can see using AI because the employer does not want to put drug addicts on their payroll, but there is a line not to cross...meaning it has it limits.;2023-06-03T11:36:21Z;5;;I can see using AI because the employer does not want to put drug addicts on their payroll, but there is a line not to cross...meaning it has it limit is.;see use ai employer not want put drug addict payroll line not cross mean limit;-0.19599999487400055;Negative
UCJuz-V8FwpU-rNIlL0lJNIg;@drakedrones;Ok, plumber, butcher, sewage maintenance;2024-03-09T12:16:04Z;5;UC3In6vQ8k3kp6i8gs3hqf8Q;Ok, plumber, butcher, sewage maintenance;ok plumber butcher sewage maintenance;0.006000000052154064;Negative
UCSbvw66y4GXQb0R6Utf-hbg;@Niblss;@@Sydwiz9999Two alternatives, embrace socialism/collectivization or watch the rich get even more obscenely wealthy.<br>Vote wisely;2023-11-30T20:24:10Z;4;UCsiZ9YemU6dWSeldjPs92IQ;Alternatives, embrace socialism  or watch the rich get even more obscenely wealthy. Vote wisely;alternative embrace socialism watch rich get even obscenely wealthy vote wisely;-0.44600000977516174;Negative
UCjsS297g4mkWPY9dg-sdDeQ;@anthonyle1838;"No despite AI advancements it still doesn&#39;t have human judgment capabilities CEOs are still going to be here";2023-06-29T01:56:12Z;4;UCkGGQQs-zCO-g8lUdeguk6w;No, despite AI advancements it still does not have human judgment capabilities CEOs are still going to be here;ai advancement still not human judgment capability ceo still go;-0.722000002861023;Negative
UCaK2F76cHmG0Us9ZFNku-RA;@bakuninRogers;"Science and technology have been causing disruption and upheaval in the jobs market since at least the Industrial Revolution. That&#39;s over 250 years. AI is just another component along this trajectory. The name of the game is to adapt to change.";2023-06-04T23:33:53Z;4;;Science and technology have been causing disruption and upheaval in the jobs market since at least the Industrial Revolution. That .over 250 years. AI is just another component along this trajectory. The name of the game is to adapt to change.;science technology cause disruption upheaval job market least industrial revolution year ai component trajectory name game adapt change;-0.07199999690055847;Negative
UCdowpomUI_d8M4ckMmCNTHQ;@eliescobis9922;@@nah131 cringe emoji;2023-06-21T10:58:02Z;4;UCTK51MF58vn0nrFuJ3VJsbQ;Cringe emoji;cringe emoji;-0.6190000176429749;Negative
UCGkAa_gT6CM5fopKIL61wXA;@ChicagoJ351;"Here is what they aren&#39;t considering. <br><br>First, they are saying people based jobs such as sales won&#39;t be affected. But, what happens when a typical sales job has 1000 new applicants competing for those jobs, all having tech backgrounds. Especially if the products/services being sold has a tech component which almost all would have. There is going to be a ton of new competition for those jobs. So, creative people based jobs aren&#39;t safe. <br><br>Also, what happens when one or a few employees realize they can fire their company and essentially do the same thing. With AI they can provide the same product/service as the company did with just a few people. Maybe even one person. It could be the companies are the ones getting fired, not always the employee. <br><br>Bottom line, learn AI. Become a domain expert that uses ai. In the short term that is where the value will be. So, if you write code, get good at your technology stack. And then get good using ai. Combine the two. Network and see what opportunities arise as things change. It&#39;s going to be a new world, hopefully for the better.";2023-12-21T15:12:57Z;3;;Here is what they are not considering. First, they are saying people based jobs such as sales will not be affected. But, what happens when a typical sales job has 1000 new applicants competing for those jobs, all having tech backgrounds. Especially if the products services being sold has a tech component which almost all would have. There is going to be a ton of new competition for those jobs. So, creative people based jobs are not safe. Also, what happens when one or a few employees realize they can fire their company and essentially do the our thing. With AI, they can provide the our product service as the company did with just a few people. Maybe even one person. It could be the companies are the ones getting fired, not always the employee. Bottom line, learn AI. Become a domain expert that uses AI. In the short term that is where the value will be. So, if you write code, get good at your technology stack. And then get good using AI. Combine the two. Network and see what opportunities arise as things change. It .going to be a new world, hopefully for the better.;not consider first say people base job sale not affect happen typical sale job new applicant compete job tech background especially product service sell tech component almost go ton new competition job creative people base job not safe also happen employee realize fire company essentially thing ai provide product service company people maybe even person company one get fire not always employee bottom line learn ai become domain expert use ai short term value write code get good technology stack get good use ai combine network see opportunities arise thing change .going new world hopefully good;-0.003000000026077032;Negative
UCTl5Dn8vB97j9ViEQIugToQ;@michaelWNY;There are too many people in the workforce that are lazy and expect a computer to do everything for them with the push of a single button.  NOW IT WILL by replacing many lazy people.  LOL  You win!!!;2023-11-24T13:16:40Z;3;;There are too many people in the workforce that are lazy and expect a computer to do everything for them with the push of a single button. NOW IT WILL by replacing many lazy people. LOL You win!!!;many people workforce lazy expect computer everything push single button replace many lazy people lol win;-0.017999999225139618;Negative
UCallQGpCvSvywTeEhRjvEfg;@trawsoza2926;"That&#39;s actually a really good idea. Colleges currently taking people&#39;s money for degrees that will be useless down the road is borderline criminal";2023-10-08T21:14:29Z;3;UCr9tL38NTSbJwWYzwpQK7hA;That .actually a perfect idea. Colleges currently taking people .money for degrees that will be useless down the road is borderline criminal;.actually perfect idea college currently take people .money degree useless road borderline criminal;0.008999999612569809;Negative
UCidv2Yihb1V8NehmJ3WAetw;@willemdebruyn3715;I just want to know one thing: Where will all these unemployed people go? Will they just take it and go live under a bridge, or will they rise up and smash the machines that took their jobs?;2023-07-23T07:00:58Z;3;;I just want to know one thing Where will all these unemployed people go? Will they just take it and go live under a bridge, or will they rise up and smash the machines that took their jobs?;want know thing unemployed people go take go live bridge rise smash machine take job;-0.6470000147819519;Negative
UCtiH8NfJu-l7gH5Ou8B_OEA;@orlandovega6958;Ok AI;2023-06-07T07:26:10Z;3;UCzhhgLK93RxuqPmvVFHWA9A;Ok AI;ok ai;0.20600000023841858;Negative
UCyKl4hxnirXHM5SSMjuRjQA;@inhocsignovinces8061;Creatives are the first to go, where has this commentator been the last few months?;2023-06-04T13:09:41Z;3;;Creatives are the first to go, where has this commentator been the last few months?;creatives first go commentator last month;-0.753000020980835;Negative
UCCMA1md1JjIjEZgm4oAFMZg;@JT_Hamm808;Hey skynet, remember I was polite to you when you enslave us all.;2023-06-03T12:45:12Z;3;;Hey Skynet, remember I was polite to you when you enslave us all.;hey skynet remember polite enslave;-0.7080000042915344;Negative
UCiag3dWI-XwgArPAi4m8HPw;@tomr6866;Registered Nurses;2023-06-03T06:16:56Z;3;;Registered Nurses;register nurse;-0.03200000151991844;Negative
UC7cKYANU4bAIW-d-jTj94eg;@TheWayOfRespectAndKindness;Will we be able to determine our fundamental values?;2023-06-03T03:54:26Z;3;;Will we be able to determine our fundamental values?;able determine fundamental value;0.03500000014901161;Negative
UCb1P26kEOXJE1FRV8vBCJcA;@Clickerenowwww;Onlyfans lol;2023-06-03T03:38:44Z;3;UCPmhB2WKJ9bdKwXn62NQ5XQ;OnlyFans laugh out loud;onlyfans laugh loud;0.8420000076293945;Positive
UCTXwULhyp1_LsFgBcKBD4tA;@jish55;"There are no jobs safe from robots and we need to stop deluding ourselves. Technology right now is the absolute worst it&#39;ll ever be, and it&#39;ll progress so rapidly that before we know it, robots will be doing everything humans can but better, and in a much shorter period than we initially thought. This means we need to stop fighting against the inevitable and start moving to a new method of functioning as a society where work is no longer needed.";2024-03-04T13:11:49Z;2;;There are no jobs safe from robots and we need to stop deluding ourselves. Technology right now is the absolute worst it ll ever be, and it ll progress. Rapidly that before we know it, robots will be doing everything humans can but better, and in a much shorter period than we initially thought. This means we need to stop fighting against the inevitable and start moving to a new method of functioning as a society where work is no longer needed.;job safe robot need stop delude technology right absolute worst ever progress rapidly know robot everything human good much short period initially think mean need stop fight inevitable start move new method function society work no longer need;-0.2680000066757202;Negative
UC1HISPDvYKFJFrY9StOMjCw;@clineshaunt;My question is how will ai effect the salaries of remaining jobs.  If it heavily deskills remaining jobs and you have more of a supply of potential employees than required, I think we all know what that will bring.;2024-02-02T17:33:29Z;2;;My question is how will AI effect the salaries of remaining jobs. If it heavily deskills remaining jobs, and you have more of a supply of potential employees than required, I think we all know what that will bring.;question ai effect salary remain job heavily deskills remain job supply potential employee require think know bring;-0.41999998688697815;Negative
UCHBN9hPBPi5ACySsI2r3X5g;@JoeCnNd;"Great, all the safe jobs are stuff I don&#39;t want to do.";2024-01-11T09:55:15Z;2;;Great, all the safe jobs are stuff I do not want to do.;great safe job stuff not want;-0.6439999938011169;Negative
UC-8CtffEG9BwvpRPsFvR1Aw;@stuart249;AI will impact on every job because people who lose their jobs will be retraining and trying to move into diffident industries, which will cause an oversupply of workers in the non AI jobs.;2024-01-10T00:54:40Z;2;;AI will impact on every job because people who lose their jobs will be retraining and trying to move into diffident industries, which will cause an oversupply of workers in the non AI jobs.;ai impact job people lose job retrain try move diffident industry cause oversupply worker non ai job;-0.35199999809265137;Negative
UCj6MwK1mMxiSFTqR_MsITZw;@bcuriel2010;lol a computer could do a better job than any nurse or physician at giving a diagnosis;2023-11-13T15:17:16Z;2;;laughing out loud a computer could do a better job than any nurse or physician at giving a diagnosis;laugh loud computer good job nurse physician give diagnosis;0.17299999296665192;Negative
UCoFaQWhBVwcEErCtMSzNlrA;@jockogle5250;"I&#39;m surprised they don&#39;t have ai robot lawyers yet. Very doable but what would the affects be?";2023-07-23T13:44:22Z;2;;I m surprised they do not have AI robot lawyers yet. Very doable but what would the effects be?;surprise not ai robot lawyer yet doable effect;-0.33500000834465027;Negative
UCLgcCGPIq5vXi1qb_SAuV-g;@DracoReptoidsExposed;That would be vandalism and you will face prison time;2023-07-30T01:06:08Z;2;UCidv2Yihb1V8NehmJ3WAetw;That would be vandalism and you will face prison time;vandalism face prison time;-0.8199999928474426;Negative
UCvIFkod_R8GrPP3EsvpW0Lw;@TerryTappArt;"The wealthy are using technology that humans have developed to eliminate humans. They own the world and we aren&#39;t wanted";2023-07-20T11:46:09Z;2;;The wealthy are using technology that humans have developed to eliminate humans. They own the world and we are not wanted;wealthy use technology human develop eliminate human world not want;-0.8289999961853027;Negative
UCzhhgLK93RxuqPmvVFHWA9A;@jaym9846;"Can&#39;t wait for AI to take over. Huge, huge, huuuge gains in AI stocks so far.";2023-06-05T01:18:12Z;2;;Can't wait for AI to take over. Huge, huge, huge gains in AI stocks. Far.;n't wait ai take huge huge huge gain ai stock far;0.257999986410141;Negative
UC61eUxiCdhCfrbPVy266cQw;@TheCommunicationCoach;CBS, stop the damned fear-mongering!!;2023-06-03T22:09:42Z;2;;CBS, stop the damned fearmongering!!;cbs stop damned fearmongering;-0.9390000104904175;Negative
UCaz_p-7wkhN6796h5qZU7IQ;@overshare7;A subject like this has 800 views...;2023-06-03T04:31:42Z;2;;A subject like this has 800 views...;subject view;0.05400000140070915;Negative
UCsXijYpRRcZhYkbfObJanfw;@potatomatop9326;Jobs that are safe from ai:<br>Netflix<br>Genshin<br>Star Rail<br>Rule34<br>Gelbooru;2023-06-03T03:04:48Z;2;;Jobs that are safe from AI Netflix Gen shin Star Rail Rule34 Geoboard;job safe ai netflix gen shin star rail rule geoboard;0.20900000631809235;Negative
UCuriiayl2bg7DXD9bVLXmvA;@bondjovi4595;"All I know.... Alcatel better be making a 5g flip phone. Otherwise, I&#39;m going to have to get one of those Blu flip phones. Or, be forced back to T-Mobile so I can use the Nokia brick phones.";2023-06-03T03:01:53Z;2;;All I know.... Alcatel better be making a 5g flip phone. Otherwise, I m going to have to get one of those Blu flip phones. Or, be forced back to T Mobile. I can use the Nokia brick phones.;know .... alcatel well make g flip phone otherwise go get blu flip phone force back mobile use nokia brick phone;-0.164000004529953;Negative
UCR57GpiMFcaPt8fcehAZ4nQ;@aprilcoursey4533;"What if, COVID 19 and the shut downs and hysteria were created as a testing ground to see what will happen when many are deprived of being able to work? Possible many other social experiments could&#39;ve been at play";2024-04-17T03:54:32Z;1;;What if, COVID 19 and the shut downs and hysteria were created as a testing ground to see what will happen when many are deprived of being able to work? Possible many other social experiments could ve been at play;covid shut hysteria create test ground see happen many deprive able work possible many social experiment play;-0.5659999847412109;Negative
UC5OW7lQ2UNm6ultZubaqsIQ;@MainEditor0;"I don&#39;t want to work all life and with joy would let AI and robots do it instead of me BUT I&#39;m also need food and roof above my head....";2024-03-13T12:44:33Z;1;;I do not want to work all life and with joy would let AI and robots do it instead of me BUT I m also need food and roof above my head....;not want work life joy let ai robot instead also need food roof head ....;-0.19699999690055847;Negative
UCE8GjJTb5vuD5GVuB5LvQVw;@user-cs4zb2mn8w;News media most basic to replace;2024-02-13T23:30:12Z;1;;News media most basic to replace;news medium basic replace;0.26600000262260437;Negative
UCp24OqUFyJ6L_0VbCTzbkyQ;@Eag757;If IT folks that have helped expedite AI ceeation today have been  layoff what else is there to expect??;2024-01-17T05:31:49Z;1;;If IT folks that have helped expedite AI creation today have been layoff what else is there to expect??;folks help expedite ai creation today layoff else expect;-0.8519999980926514;Negative
UCUS1vnc_wFnvVl6f6QEbw3Q;@kevine9474;Like someone said, funnily enough the last jobs to be replaced will be s*x workers;2023-10-22T11:22:50Z;1;;Like someone said, funnily enough the last jobs to be replaced will be.x workers;someone say funnily enough last job replace be.x worker;0.04100000113248825;Negative
UCa0Zmb7-3_BWUjgVaNXCBBQ;@ShondaD_;So when AI takeover all the jobs, what will ppl do for income?;2023-09-27T16:57:50Z;1;;So when AI takeover all the jobs, what will people do for income?;ai takeover job people income;-0.4950000047683716;Negative
UCIEGz4Ui3tpONyUEUmMooMg;@mauritzventer2092;Investing in AI stock;2023-11-05T03:58:22Z;1;UCa0Zmb7-3_BWUjgVaNXCBBQ;Investing in AI stock;invest ai stock;0.052000001072883606;Negative
UCEXpjckOccnYKrk_mPJp8jw;@ten10_ten10;"@@kevine9474 UBI is less likely to happen than immortality is. The whole reason an AI takeover is a real worry is because the CEOs in charge don&#39;t believe that humans deserve money, because they&#39;re &quot;too inefficient&quot; (require basic survival needs)";2023-11-08T05:36:51Z;1;UCa0Zmb7-3_BWUjgVaNXCBBQ;FBI is less likely to happen than immortality is. The whole reason an AI takeover is a real worry is that the CEOs in charge do not believe that humans deserve money, because they re too inefficient require basic survival needs;fbi less likely happen immortality whole reason ai takeover real worry ceo charge not believe human deserve money inefficient require basic survival need;-0.6140000224113464;Negative
UChdKgeCWRqAs_gxEXgJaIzQ;@troglodyte6949;"If they become advanced enough they&#39;ll even replace humans";2023-09-20T07:39:37Z;1;;If they become advanced enough they ll even replace humans;become advanced even replace human;0.3790000081062317;Negative
UCANzM5_m_tMZu36Z_13_Y5w;@violetd3487;I guess there will be less people then--people who can hardly afford anything.;2023-09-13T10:24:31Z;1;;I guess there will be fewer people then people who can hardly afford anything.;guess people people hardly afford anything;-0.5559999942779541;Negative
UCYDVLQWeFMfzKYLW5EvVfhQ;@1merkur;"The host interrupted the guest so many times. Humans can&#39;t even converse any more, it&#39;s time for AI.";2023-09-12T12:18:23Z;1;;The host interrupted the guest. Many times. Humans can not even converse anymore, it .time for AI.;host interrupt guest many time human not even converse anymore .time ai;-0.29899999499320984;Negative
UCussv8GDcNWJpdR_1gAH0pw;@Xarishher;Most physical Engineers will definitely get replaced;2023-09-02T09:29:08Z;1;;Most physical Engineers will definitely get replaced;physical engineer definitely get replace;-0.6340000033378601;Negative
UC-JEHRcEsvW75OkGfIs8X0Q;@amorylazlo9579;I just hope impressionist is not a job that survives;2023-08-22T06:28:48Z;1;;I just hope impressionist is not a job that survives;hope impressionist not job survive;-0.8510000109672546;Negative
UCss65fKZC82CRaIqSkAcRZA;@brettk9316;They took our jobs!;2023-08-14T07:51:47Z;1;;They took our jobs!;take job;-0.8610000014305115;Negative
UCr1TmGzXJsK5nGwd3NZifvQ;@reempire888;"What about service technicians that install and repair robot automation for manufacturing and medical purposes? My thought is they will need a highly advanced humanoid with fingers that are able to work with tool, which I think it will be a long time from now. When they say engineers, it&#39;s a very vague term. Tthey have collected many data during Covid on what we can replace. Those who stayed home during the pandemic has the highest risk on the chopping block. Just my thought.";2023-08-01T21:32:46Z;1;;What about service technicians that install and repair robot automation for manufacturing and medical purposes? My thought is they will need a highly advanced humanoid with fingers that are able to work with tool, which I think it will be a long time from now. When they say engineers, it .a very vague term. They have collected many data during Covid on what we can replace. Those who stayed home during the pandemic has the highest risk on the chopping block. Just my thought.;service technician install repair robot automation manufacturing medical purpose thought need highly advanced humanoid finger able work tool think long time say engineer .a vague term collect many data covid replace stay home pandemic high risk chopping block thought;-0.16599999368190765;Negative
UCjQQiROmealqhLnDn77TNyQ;@themirrorofthetruth2055;Hey, ai will steal all jobs, no exception, we will create Skynet;2023-07-21T13:47:50Z;1;;Hey, AI will steal all jobs, no exception, we will create Skynet;hey ai steal job exception create skynet;-0.7770000100135803;Negative
UCO6mei4Y_zWZc2gjIdmcO-Q;@boshkoboki1251;"Simple no room for people. Just for the rich. Global warming isn&#39;t a threat to humanity it&#39;s just a  distraction. AI is because you don&#39;t need humans.";2023-07-16T11:02:01Z;1;;Simple no room for people. Just for the rich. Global warming is not a threat to humanity it .just a distraction. AI is because you do not need humans.;simple room people rich global warming not threat humanity .just distraction ai not need human;-0.4050000011920929;Negative
UCAogIDexPyh7fSKXDkYukqA;@mrbob4104;Ok,and those controlling the AI will control the wolrd. Thanks...;2023-06-15T16:34:28Z;1;UCxQ0nZKYr6ufgGMP0GAswQg;Ok, and those controlling the AI will control the word. Thanks...;ok control ai control word thanks;0.48100000619888306;Positive
UCwWPUGE7fJoZv14jKfl2vJw;@emanuelgonzalez1743;"Luckily I&#39;m in college majoring in cs specifically for ai and ml";2023-06-10T08:58:26Z;1;;Luckily I m in college majoring in Computer Science specifically for AI and machine learning;luckily college majoring computer science specifically ai machine learning;0.36800000071525574;Negative
UCuEJ2cdpf8KPmsqwxKYY8FA;@caribbeanchild;None...not one.;2023-06-07T08:10:26Z;1;;None...not one.;none not;-0.5699999928474426;Negative
UCkMqrLqXHCNBZD0UC5BGQOw;@reza2kn;"My thoughts exactly when he said &quot;AI is only good at stuff that is repetitive and predictable&quot; I was like, yeah, no, You don&#39;t know what you&#39;re talking about! I don&#39;t think there&#39;s anything predictable with Stable Fusion :D";2023-09-18T01:15:40Z;1;UC0bTh1kxKq8326pm_3xdryg;My thoughts exactly when he said AI is only good at stuff that is repetitive and predictable I was like, yeah, no, You do not know what you re talking about! I do not think there .anything predictable with Stable Fusion D;thought exactly say ai good stuff repetitive predictable not know talk not think .anything predictable stable fusion;-0.33000001311302185;Negative
UC_xYsF2rihVgtlKqV2fFoPg;@mosthated.e.2422;Terminator skynet;2023-06-05T00:03:47Z;1;;Terminator Skynet;terminator skynet;0.0;Negative
UCjWFU9cIVClq8DnGAV1sQsw;@kami60077;"Wow! zero jobs! that&#39;s a lot of jobs ngl.";2023-07-14T01:24:53Z;1;UC1Lv9PZiV49hAWflvqGb-3Q;Wow! Zero jobs! That .a lot of jobs NFL.;wow job .a lot job nfl;0.03500000014901161;Negative
UCcny3VTq3F8n9k0JZOycsMA;@donaldpmurt2446;The AI safe jobs are anything in our corrupt government..................................;2023-06-04T02:12:04Z;1;;The AI safe jobs are anything in our corrupt government..................................;ai safe job anything corrupt government ..................................;-0.8980000019073486;Negative
UCCCGzp10uqcRICWdeok97mw;@garymartin7369;As a dumb lamprey, I am not worried about AI...<br><br><br>...in the Atlantic Ocean.;2023-06-03T21:25:16Z;1;;As a dumb lamprey, I am not worried about AI... ...in the Atlantic Ocean.;dumb lamprey not worry ai atlantic ocean;-0.32100000977516174;Negative
UCodoRwykpQL0SZvVcC2iF1g;@Learna_Hydralis;simple all top-down jobs are at risk .. all bottom-up jobs are more resistant!;2023-06-03T20:07:26Z;1;;Simple all top down jobs are at risk . All bottom up jobs are more resistant!;simple top job risk bottom job resistant;-0.3050000071525574;Negative
UCs6xVxfheBbi2VgjX-Z3BNw;@gerdaleta;There will be a great War everywhere about the question of well how am I going to feed myself Kathy I just give me food and rich people telling you know even though it obviously can;2023-06-03T13:46:05Z;1;;There will be a great War everywhere about the question of well how am I going to feed myself Kathy I just give me food and rich people telling you know even though it obviously can;great war everywhere question well go fee kathy give food rich people tell know even obviously;-0.8799999952316284;Negative
UCD5UiHYcfInMAbGj6sbWo9Q;@guineapigzed;"When Segway became conscious; it offed the owner.";2023-06-03T12:04:58Z;1;;When Segway became conscious it offed the owner.;segway become conscious owner;-0.1860000044107437;Negative
UCPfceqWvFQMH7U4xk5B4Bkg;@RickFarris;"Who were we talking to?  &quot;Goldman Sachs?&quot;";2023-06-03T08:03:44Z;1;;Who were we talking to? Goldman Sachs?;talk goldman sachs;-0.09600000083446503;Negative
UCDR65LJhxrh6jmUTElRWxUA;@tonialee3905;Except teachers -- a classroom full of kids is definitely unpredictable.;2023-07-19T21:16:14Z;1;UCPmhB2WKJ9bdKwXn62NQ5XQ;Except teachers a classroom full of kids is definitely unpredictable.;teacher classroom full kid definitely unpredictable;-0.27000001072883606;Negative
UCyZCNw4MlWrN6a8oLma199w;@RynaxAlien;They took our jobs!;2024-04-30T15:13:15Z;0;;They took our jobs!;take job;-0.8610000014305115;Negative
UCIYefFTETXfhJDUnMgVVzoQ;@Entertainment-sq6wx;"In one word if your job requires Physical labour it won&#39;t affect, but if its Information sharing then it can affect.<br><br><br>Example: Nurse physically taking care of a patient. It would take many more years to have Robots that will do physical work.";2024-04-30T01:21:21Z;0;;In one word if your job requires Physical labor it will not affect, but if it is Information sharing then it can affect. Example Nurse physically taking care of a patient. It would take many more years to have Robots that will do physical work.;word job require physical labor not affect information share affect example nurse physically take care patient take many year robot physical work;-0.052000001072883606;Negative
UCUO-p1Chp9GDSbztUSUXbzQ;@rodneyh1947;wha da phuuuuh is futurist lol;2024-04-28T22:24:52Z;0;;Wha the fourth is futurist laugh out loud;fourth futurist loud;0.8920000195503235;Positive
UCv_n1I4nhaRdvP2MXBohdxA;@maddmaxwiththefacts601;I own an appliance repair company and would easily be willing to add robot repair to my repertoire;2024-04-17T02:25:34Z;0;;I own an appliance repair company and would easily be willing to add robot repair to my repertoire;appliance repair company easily willing add robot repair repertoire;0.7789999842643738;Positive
UCacQ2aLbviZdqq8Y6Q_ZCAQ;@randommemebean686;Ah yes 33 percent of the work force eaither unemployed or trying to compete for already saturated job markets. What could go wrong? Also ai is already replacing crative jobs. News papers can be writen by bots. This is a larger isssue, and i feel like they are downplaying ai effect on our society.;2024-04-16T15:21:42Z;0;;Ah, yes 33 percent of the work force either unemployed or trying to compete for already saturated job markets. What could go wrong? Also, AI is already replacing creative jobs. Newspapers can be written by bots. This is a larger issue, and I feel like they are downplaying AI effect on our society.;ah percent work force unemployed try compete already saturate job market go wrong also ai already replace creative job newspaper write bot large issue feel downplay ai effect society;-0.42100000381469727;Negative
UCDeSKAALa7vVplmUAgbiFGg;@iancoles1349;Bailifs and undertakers.Anything that requires dexterity out in the field and not controlled work in a factory ie Electricians plumbers farmers.There arw others but hay if u dont plan now u may lose everything.And buy metals;2024-04-10T17:30:35Z;0;;Bailiff and undertakers. Anything that requires dexterity out in the field and not controlled work in a factory i.e. Electricians plumbers farmers. There ARW others but hay if you do not plan now you may lose everything. And buy metals;bailiff undertaker anything require dexterity field not control work factory i.e electricians plumber farmer arw others hay not plan lose everything buy metal;-0.14300000667572021;Negative
UCBeKp6ZUUIjEJihmvKY0_Gw;@SFgamer;"They won&#39;t &#39;take&#39; jobs.";2024-04-07T14:03:09Z;0;;They will not take jobs.;not take job;-0.8740000128746033;Negative
UCc_QqPdNGGT7OkdSznQ1VYg;@prilep5;AI can replace 80% of work from home jobs.;2024-04-04T04:22:44Z;0;;AI can replace 80 of work from home jobs.;ai replace work home job;0.1120000034570694;Negative
UCckPU7GoG5V0YAMxLFT1FbA;@8MunchenBayern8;"this is sooooo stupid. What is the point of causing mass unemployment? so CEOs and other psychos can add more billions to their additional billions?<br><br>If people can&#39;t feed themselves or keep roofs over their heads in mass there will be civil unrest and riots the likes of which we&#39;ve never seen.";2024-03-29T05:38:19Z;0;;This is suitor stupid. What is the point of causing mass unemployment? . CEOs and other psychos can add more billions to their additional billions? If people can not feed themselves or keep roofs over their heads in mass there will be civil unrest and riots the likes of which we ve never seen.;suitor stupid point cause mass unemployment ceo psycho add billion additional billion people not fee keep roof head mass civil unrest riot like never see;-0.9190000295639038;Negative
UChj2hTE9RyWNEKfibagSyDQ;@tunahelpa5433;I like to point out that a targeted AI can be designed to do one thing better than humans while being totally unable to do other things. <br><br>Human level AI is coming way before AGI is ready.  It will replace some jobs, enhance others, and accelerate the pace of everything it touches;2024-03-26T21:17:42Z;0;;I like to point out that a targeted AI can be designed to do one thing better than humans while being totally unable to do other things. Human level AI is coming way before AGI is ready. It will replace some jobs, enhance others, and accelerate the pace of everything it touches;like point targeted ai design thing good human totally unable thing human level ai come way agi ready replace job enhance others accelerate pace everything touch;0.24300000071525574;Negative
UCLO8RqJ9P4FzyI3JY4hlXmQ;@oliverstianhugaas7493;The final and last trick by the boomers, funding this before they die.;2024-03-24T12:15:57Z;0;;The final and last trick by the boomers, funding this before they die.;final last trick boomer fund die;-0.9190000295639038;Negative
UCu5wX-te51QfrG9MGvfW6LA;@gbxgbxgbx;Creatives are the ones that are alread fckd, generative Ai is already undermining graphic designers, photographers etc... Same for writers, copywriters.;2024-03-20T20:29:10Z;0;;Creatives are the ones that are already CKD, generative Ai is already undermining graphic designers, photographers etc... Same for writers, copywriters.;creatives one already ckd generative ai already undermining graphic designer photographer etc writer copywriter;-0.39500001072883606;Negative
UCXKwODdtDb-FbXUbQvKSzyQ;@kingdomross8974;"AI were in video games, and now it&#39;s coming to real life.";2024-03-13T13:36:20Z;0;;AI were in video games, and now it .coming to real life.;ai video game .coming real life;0.6060000061988831;Positive
UCrpC926eYI6uQ-nkj53ruIw;@pramodnair4322;Manual jobs will be replaced by robots for example drivers are already being replaced by automated cars;2024-03-11T03:34:14Z;0;;Manual jobs will be replaced by robots for example drivers are already being replaced by automated cars;manual job replace robot example driver already replace automated car;-0.017999999225139618;Negative
UCac0cLS685Kh4nIMLf899aw;@kiran4652;Mechanical engineers working in Merchant navy are possibly safe;2024-02-26T13:10:51Z;0;;Mechanical engineers working in Merchant navy are possibly safe;mechanical engineer work merchant navy possibly safe;0.6340000033378601;Positive
UC1cb9clxxHrD6VeTp0llzwA;@Adrians_Lost_and_Found_Visions;"Great, early retirement for everyone! :)<br><br>The sooner the AI and robots take over all of the jobs - the better.<br>Poverty will be solved. Also 40-80% of people don&#39;t like their jobs.<br><br>We all need a few Optimus robots per person and it will be the end of human labor forever.<br>Unless you want to work and create something of course. :)<br><br>The transition period - the next 15 years - that might be tough though.<br>Hope we will find a solution as fast as possible.<br>Deflation in prices of goods and services is one of the best options for starters. Things should be cheaper if humans are not making them.";2024-02-25T21:23:44Z;0;;Great, early retirement for everyone! The sooner the AI and robots take over all the jobs the better. Poverty will be solved. Also, 40 80 of people do not like their jobs. We all need a few Optimum robots per person, and it will be the end of human labor forever. Unless you want to work and create something of course. The transition period the next 15 years that might be tough though. Hope we will find a solution as fast as possible. Deflation in prices of goods and services is one of the best options for starters. Things should be cheaper if humans are not making them.;great early retirement everyone sooner ai robot take job good poverty solve also people not like job need optimum robot person end human labor forever want work create something course transition period next year tough hope find solution fast possible deflation price good service best option starter thing cheap human not make;-0.07199999690055847;Negative
UCH5rT6dVrsJ2HxaNmzp4wzQ;@hdcomputerkeith;NO jobs are safe;2024-01-31T04:14:37Z;0;;NO jobs are safe;job safe;-0.875;Negative
UCqbKUUBBa7ruYGZ-yi1Tlbg;@mr.googleuser6764;pick up a trade now boyssss;2024-01-12T16:17:46Z;0;;Pick up a trade now bosses;pick trade boss;-0.003000000026077032;Negative
UCwXsQ2q9j2KHhW0Ej9HHgvQ;@victorinborsciov6817;None! It is just a matter of time.;2023-12-31T07:11:24Z;0;;None! It is just a matter of time.;none matter time;-0.039000000804662704;Negative
UCiWvbYwQdih01crog4C1iFw;@AllRequired;"As <i>Survivor</i> and <i>Big Brother</i> air on this network, we&#39;ve borne witness to how inexpensive and incredibly efficient reality television has grown to become.  Nice to not have to put up with an actor&#39;s temper tantrums or a pop star&#39;s vanity.  If you want to understand just how valuable AI <i>will</i> be in and for entertainment, just look at <i>The Bugs Bunny / Road Runner Show</i> (the #1 Saturday morning cartoon for years on end in its day).<br><br>It&#39;s time for today&#39;s actors and actresses to start looking for work.  Small businesses would be thrilled to get the extra help.";2023-12-30T23:11:46Z;0;;As Survivor and Big Brother air on this network, we ve borne witness to how inexpensive and incredibly efficient reality television has grown to become. Nice to not have to put up with an actor .temper tantrums or a pop star .vanity. If you want to understand just how valuable AI will be in and for entertainment, just look at The Bugs Bunny Road Runner Show the 1 Saturday morning cartoon for years on end in it is day . It .time for today .actors and actresses to start looking for work. Small businesses would be thrilled to get the extra help.;survivor big brother air network borne witness inexpensive incredibly efficient reality television grow become nice not put actor .temper tantrum pop star .vanity want understand valuable ai entertainment look bug bunny road runner show saturday morning cartoon year end day .time today .actors actress start look work small business thrill get extra help;0.14800000190734863;Negative
UCMZNERy0a1GwZXhvalyyS7Q;@jaimebacolod3858;How about Restaurant Job?;2023-12-29T20:37:45Z;0;;How about Restaurant Job?;restaurant job;-0.0020000000949949026;Negative
UCcdv7fT-jVPH8uG2Ina-CGA;@kiwiadventures3773;News presenters.;2023-11-27T13:30:32Z;0;;News presenters.;news presenter;0.008999999612569809;Negative
UCbsz3pQPvA8erOVTzDjo0eg;@topofthegreen;we are putting too much faith in AI.;2023-11-26T01:05:00Z;0;;We are putting too much faith in AI.;put much faith ai;-0.8240000009536743;Negative
UCWfZjKt2yVxz_GBbRdz7vkg;@derekrequiem4359;Seriously, WebMD is far cheaper than paying a physician a 6 figure salary just to tell someone what disease they have.;2023-12-12T01:05:28Z;0;UCj6MwK1mMxiSFTqR_MsITZw;Seriously, WebMD is far cheaper than paying a physician a 6 figure salary just to tell someone what disease they have.;seriously webmd far cheap pay physician figure salary tell someone disease;0.5230000019073486;Positive
UC66xvO1U9XnXNMNhSrOqZ3w;@stevierico5934;No job will be safe from AI when they implement the Great Reset and the New World Order in a global cashless society with microchip implants! 2030 is the year they have targeted.;2023-09-26T02:15:01Z;0;;No job will be safe from AI when they implement the Great Reset and the New World Order in a global cashless society with microchip implants! 2030 is the year they have targeted.;job safe ai implement great reset new world order global cashless society microchip implant year target;-0.4050000011920929;Negative
UCzJwvgoC9HwvF5tGpF6bt2g;@snowflakemelter7171;Nope. We need apprenticeships. Universities are useless now.;2023-09-11T01:19:31Z;0;UCr9tL38NTSbJwWYzwpQK7hA;Nope. We need . Universities are useless now.;nope need university useless;-0.2800000011920929;Negative
UCXICqbD9q3GFRhDmygYYcyQ;@netrimo589;"it must be super annoying to be interviewed by someone who isn&#39;t listening to what you&#39;re saying.";2023-08-02T18:22:51Z;0;;It must be super annoying to be interviewed by someone who is not listening to what you re saying.;super annoy interview someone not listen say;-0.8840000033378601;Negative
UC5M4leghhO0r5TXh_StiLgQ;@andrewbryan9363;This is one of the reasons the brilliant minds like Elon Musk have stated on record that A.I. advancements will take over so many industries that a universal basic income for all humans will be needed or move to Mars.;2024-03-09T00:54:11Z;0;UCOk0DTfCWFfguz99Tq0hVFg;This is one of the reasons the brilliant minds like Elon Musk have stated on record that A.I. advancements will take over. Many industries that a universal basic income for all humans will be needed or move to Mars.;reason brilliant mind elon musk state record a.i advancement take many industry universal basic income human need move mar;0.2669999897480011;Negative
UCG1Jhl9FbsaSxHUyxekJ9rw;@NameMcNamename;"&quot;Racist&quot; robots";2023-07-31T21:42:57Z;0;UCoFaQWhBVwcEErCtMSzNlrA;Racist robots;racist robot;0.09700000286102295;Negative
UCgWDi8HOqxQ3fPAe_lJAC6w;@Patrickstarrrrr69;@@kevine9474 wishful thinking;2023-10-22T11:59:07Z;0;UCxQ0nZKYr6ufgGMP0GAswQg;Wishful thinking;wishful thinking;-0.6470000147819519;Negative
UC0Ocgo55P1hzURFm_SarJsA;@gilgamesh6590;@@hassansyed6087for now ai advances pretty fast so that problem will be solved within the next few years;2023-07-29T18:10:36Z;0;UCaV-0YOAXY03jTtsHw5bXFQ;Now AI advances pretty fast. That problem will be solved within the next few years;ai advance pretty fast problem solve next year;0.6890000104904175;Positive
UCZrPA9kqIouvovIm_JM6p9A;@Daisika;@@hassansyed6087for now;2023-07-30T19:23:06Z;0;UCaV-0YOAXY03jTtsHw5bXFQ;Now;;0.020999999716877937;Negative
UCL3zI3pFaEKNVDEZpH9BPog;@judigemini178;Meanwhile, tech job layoffs are at an all time high...good luck kid.;2024-02-03T16:10:00Z;0;UCwWPUGE7fJoZv14jKfl2vJw;Meanwhile, tech job layoffs are at an all time high...good luck kid.;meanwhile tech job layoff time high good luck kid;-0.023000000044703484;Negative
UCGaaC4NNHQsh_Vm6Pk9T9EA;@emberson7850;Just create another startup, and you will be ok, kiddo. Someone might even buy you, too.;2024-03-30T17:19:35Z;0;UCwWPUGE7fJoZv14jKfl2vJw;Just create another startup, and you will be ok, kiddo. Someone might even buy you, too.;create startup ok kiddo someone even buy;0.703000009059906;Positive
UColxNwulgVd1t2qBj-iSxkg;@sayan-nj1mr;My question do you understand ai ?;2024-01-08T02:18:15Z;0;UC0bTh1kxKq8326pm_3xdryg;My question do you understand AI ?;question understand ai;-0.006000000052154064;Negative
UC7nMsKUOJcrysoxNk_141UA;@petere8612;"AI is different and very dangerous as it&#39;s self learning at an exponential level. Combine that with blind human greed. Before he died Stephen hawking warned that AI could be humanity&#39;s last invention. I fear he might have been right.";2023-06-20T09:51:57Z;0;UCaK2F76cHmG0Us9ZFNku-RA;AI is different and very dangerous as it .self learning at an exponential level. Combine that with blind human greed. Before he died Stephen Hawking warned that AI could be humanity .last invention. I fear he might have been right.;ai different dangerous .self learn exponential level combine blind human greed die stephen hawking warn ai humanity .last invention fear right;-0.25600001215934753;Negative
UCyP5bVQ5-UQ_rdXd0P-0DvQ;@nah131;either we become wage slaves or AI will do it for us plus UBI will be there for everybody;2023-06-06T14:46:23Z;0;UC61eUxiCdhCfrbPVy266cQw;Either we become wage slaves or AI will do it for us plus FBI will be there for everybody;become wage slave ai fbi everybody;-0.9580000042915344;Negative
UCrwG7s5mtVcMB18bnZrf1jg;@illbeback3150;@@brianholguin6338 Damn its not her fault. They have limited time and she must ask all the questions that her media prepared.;2024-04-28T13:20:35Z;0;UCrERDkzy9EJbzpPsOeD3cVg;Damn it is not her fault. They have limited time, and she must ask all the questions that her media prepared.;damn not fault limit time ask question medium prepare;-0.4300000071525574;Negative
UCYW3LGfde2cCyY1fZebqJVA;@cesruhf2605;@@drakedrones Welder;2024-03-25T00:12:13Z;0;UC3In6vQ8k3kp6i8gs3hqf8Q;Welder;welder;0.023000000044703484;Negative
UCG5eyfUBEuDLCPpKffkekyg;@MrPolandball;Well what stops you from giving an idea to dominion?;2023-06-12T06:52:45Z;0;UC8GSzEAjTdFdieOqy0ROJtA;Well what stops you from giving an idea to dominion?;well stop give idea dominion;0.01899999938905239;Negative
UCVOgeERhcF35zMiu3u8jHCA;@takenote7085;It will be;2023-08-08T18:15:44Z;0;UC8GSzEAjTdFdieOqy0ROJtA;It will be;;0.04600000008940697;Negative
UCybiIyffB_ItcziNBs_-QJA;@cryptojonny6837;For now, but Tesla is already making robots for hands and feet.;2023-09-01T18:34:45Z;0;UCHw2qvO8mOA8N0eo32UfS9Q;For now, but Tesla is already making robots for hands and feet.;tesla already make robot hand foot;0.40700000524520874;Negative
